index,Region of Country,Code,Year,"Outbound mobility ratio, all regions, both sexes (%)"
0,Afghanistan,AFG,2003,11.82518959
1,Afghanistan,AFG,2004,11.48184013
2,Afghanistan,AFG,2009,5.825079918
3,Afghanistan,AFG,2011,9.67016983
4,Albania,ALB,1998,12.80152035
5,Albania,ALB,1999,12.16819954
6,Albania,ALB,2000,14.52105045
7,Albania,ALB,2001,18.0767498
8,Albania,ALB,2002,20.41757011
9,Albania,ALB,2003,26.31966972
10,Albania,ALB,2004,25.73855972
11,Albania,ALB,2005,24.09235954
12,Albania,ALB,2006,23.3657093
13,Albania,ALB,2007,22.9437809
14,Albania,ALB,2008,23.17227936
15,Albania,ALB,2009,24.40810966
16,Albania,ALB,2010,19.4668808
17,Albania,ALB,2011,18.87867928
18,Albania,ALB,2012,15.21391964
19,Albania,ALB,2013,13.95567989
20,Algeria,DZA,1999,3.837340117
21,Algeria,DZA,2001,2.817549944
22,Algeria,DZA,2002,2.758160114
23,Algeria,DZA,2003,3.117389917
24,Algeria,DZA,2004,3.442810059
25,Algeria,DZA,2005,3.126970053
26,Algeria,DZA,2006,3.057909966
27,Algeria,DZA,2007,2.558559895
28,Algeria,DZA,2009,1.95923996
29,Algeria,DZA,2010,1.996909976
30,Algeria,DZA,2011,2.01602006
31,Algeria,DZA,2012,2.040930033
32,Algeria,DZA,2013,1.652230024
33,Andorra,AND,2002,267.2284546
34,Andorra,AND,2003,293.1372375
35,Andorra,AND,2004,369.7885132
36,Andorra,AND,2005,317.2368469
37,Andorra,AND,2006,76.03491211
38,Andorra,AND,2008,261.350769
39,Andorra,AND,2012,267.4134521
40,Andorra,AND,2013,218.8552856
41,Angola,AGO,1998,62.28858948
42,Angola,AGO,1999,68.10707092
43,Angola,AGO,2002,48.16569138
44,Angola,AGO,2003,14.19110012
45,Angola,AGO,2004,18.71170044
46,Angola,AGO,2005,16.64452934
47,Angola,AGO,2006,16.97879028
48,Angola,AGO,2011,5.633409977
49,Angola,AGO,2013,3.17640996
50,Antigua and Barbuda,ATG,2009,64.86660004
51,Antigua and Barbuda,ATG,2010,56.58119965
52,Antigua and Barbuda,ATG,2011,58.73696136
53,Antigua and Barbuda,ATG,2012,30.99888039
54,Arab World,,1997,4.122849941
55,Arab World,,1998,3.789259911
56,Arab World,,1999,3.432699919
57,Arab World,,2000,3.453030109
58,Arab World,,2001,3.387710094
59,Arab World,,2002,3.470720053
60,Arab World,,2003,3.589570045
61,Arab World,,2004,3.35510993
62,Arab World,,2005,3.19501996
63,Arab World,,2006,3.136430025
64,Arab World,,2007,3.043179989
65,Arab World,,2008,3.074779987
66,Arab World,,2009,3.14963007
67,Arab World,,2010,3.216350079
68,Arab World,,2011,3.492460012
69,Arab World,,2012,3.586930037
70,Arab World,,2013,3.634860039
71,Argentina,ARG,1998,0.37450999
72,Argentina,ARG,1999,0.366169989
73,Argentina,ARG,2000,0.389759988
74,Argentina,ARG,2001,0.358319998
75,Argentina,ARG,2002,0.392639995
76,Argentina,ARG,2003,0.451810002
77,Argentina,ARG,2004,0.392850012
78,Argentina,ARG,2005,0.397430003
79,Argentina,ARG,2006,0.378140002
80,Argentina,ARG,2007,0.377909988
81,Argentina,ARG,2008,0.406670004
82,Argentina,ARG,2009,0.378450006
83,Argentina,ARG,2010,0.386889994
84,Argentina,ARG,2011,0.350309998
85,Argentina,ARG,2012,0.296070009
86,Armenia,ARM,1998,2.202330112
87,Armenia,ARM,1999,2.046060085
88,Armenia,ARM,2000,2.141410112
89,Armenia,ARM,2001,2.674949884
90,Armenia,ARM,2002,2.336420059
91,Armenia,ARM,2003,3.004070044
92,Armenia,ARM,2004,2.648279905
93,Armenia,ARM,2005,2.968169928
94,Armenia,ARM,2006,2.941590071
95,Armenia,ARM,2007,2.883399963
96,Armenia,ARM,2008,3.746629953
97,Armenia,ARM,2009,3.704590082
98,Armenia,ARM,2010,4.288790226
99,Armenia,ARM,2011,4.882450104
100,Armenia,ARM,2012,5.54102993
101,Armenia,ARM,2013,5.635660172
102,Aruba,ABW,1999,5.601659775
103,Aruba,ABW,2000,7.921420097
104,Aruba,ABW,2001,6.708849907
105,Aruba,ABW,2002,17.46231079
106,Aruba,ABW,2003,5.681819916
107,Aruba,ABW,2004,11.85445976
108,Aruba,ABW,2005,5.280149937
109,Aruba,ABW,2006,6.752630234
110,Aruba,ABW,2007,6.38888979
111,Aruba,ABW,2008,3.841809988
112,Aruba,ABW,2009,9.092289925
113,Aruba,ABW,2010,17.0815506
114,Aruba,ABW,2011,5.11992979
115,Aruba,ABW,2012,4.044260025
116,Australia,AUS,1998,0.581130028
117,Australia,AUS,1999,0.621659994
118,Australia,AUS,2000,0.647769988
119,Australia,AUS,2001,0.618319988
120,Australia,AUS,2002,0.577329993
121,Australia,AUS,2003,0.63391
122,Australia,AUS,2004,0.893869996
123,Australia,AUS,2005,0.92493999
124,Australia,AUS,2006,0.940900028
125,Australia,AUS,2007,0.949029982
126,Australia,AUS,2008,0.877960026
127,Australia,AUS,2009,0.853690028
128,Australia,AUS,2010,0.832660019
129,Australia,AUS,2011,0.816100001
130,Australia,AUS,2012,0.812449992
131,Australia,AUS,2013,0.837819993
132,Austria,AUT,1998,4.676000118
133,Austria,AUT,1999,4.643070221
134,Austria,AUT,2000,4.540860176
135,Austria,AUT,2001,4.521999836
136,Austria,AUT,2002,5.629849911
137,Austria,AUT,2003,5.656060219
138,Austria,AUT,2004,5.100619793
139,Austria,AUT,2005,4.736320019
140,Austria,AUT,2006,3.926090002
141,Austria,AUT,2007,4.015120029
142,Austria,AUT,2008,3.592969894
143,Austria,AUT,2009,3.758300066
144,Austria,AUT,2010,3.659509897
145,Austria,AUT,2011,3.835259914
146,Austria,AUT,2012,4.042890072
147,Austria,AUT,2013,3.697390079
148,Azerbaijan,AZE,2006,2.517469883
149,Azerbaijan,AZE,2007,2.65602994
150,Azerbaijan,AZE,2008,4.019050121
151,Azerbaijan,AZE,2009,5.580649853
152,Azerbaijan,AZE,2010,7.910480022
153,Azerbaijan,AZE,2011,10.50411034
154,Azerbaijan,AZE,2012,9.08743
155,Bahrain,BHR,1999,17.23389053
156,Bahrain,BHR,2003,13.21872044
157,Bahrain,BHR,2005,17.70340919
158,Bahrain,BHR,2006,18.65365982
159,Bahrain,BHR,2011,12.29679012
160,Bahrain,BHR,2012,13.15266991
161,Bangladesh,BGD,1999,1.010820031
162,Bangladesh,BGD,2000,1.088140011
163,Bangladesh,BGD,2001,1.071730018
164,Bangladesh,BGD,2002,1.35323
165,Bangladesh,BGD,2003,1.752979994
166,Bangladesh,BGD,2004,1.763710022
167,Bangladesh,BGD,2005,1.581830025
168,Bangladesh,BGD,2006,1.378589988
169,Bangladesh,BGD,2007,1.375699997
170,Bangladesh,BGD,2008,1.283010006
171,Bangladesh,BGD,2009,1.222779989
172,Bangladesh,BGD,2011,1.125759959
173,Bangladesh,BGD,2012,1.11382997
174,Barbados,BRB,1999,18.23571968
175,Barbados,BRB,2000,17.74213982
176,Barbados,BRB,2001,17.33499908
177,Barbados,BRB,2007,13.35861015
178,Barbados,BRB,2009,9.736109734
179,Barbados,BRB,2010,9.717350006
180,Barbados,BRB,2011,9.940050125
181,Belarus,BLR,1998,1.688490033
182,Belarus,BLR,1999,1.606050014
183,Belarus,BLR,2000,1.623239994
184,Belarus,BLR,2001,1.481240034
185,Belarus,BLR,2002,1.804360032
186,Belarus,BLR,2003,1.553869963
187,Belarus,BLR,2004,2.087280035
188,Belarus,BLR,2005,2.140589952
189,Belarus,BLR,2006,2.264149904
190,Belarus,BLR,2007,2.665699959
191,Belarus,BLR,2008,5.468349934
192,Belarus,BLR,2009,5.151209831
193,Belarus,BLR,2010,6.126060009
194,Belarus,BLR,2011,6.912909985
195,Belarus,BLR,2012,7.080180168
196,Belarus,BLR,2013,6.385680199
197,Belgium,BEL,1999,2.752510071
198,Belgium,BEL,2000,2.840970039
199,Belgium,BEL,2001,2.938489914
200,Belgium,BEL,2002,2.96536994
201,Belgium,BEL,2003,3.173290014
202,Belgium,BEL,2004,2.612179995
203,Belgium,BEL,2005,2.557660103
204,Belgium,BEL,2006,2.64722991
205,Belgium,BEL,2007,2.688549995
206,Belgium,BEL,2008,2.448489904
207,Belgium,BEL,2009,2.449160099
208,Belgium,BEL,2010,2.523269892
209,Belgium,BEL,2011,2.648430109
210,Belgium,BEL,2012,2.775079966
211,Belgium,BEL,2013,3.344180107
212,Belize,BLZ,2001,18.48279953
213,Belize,BLZ,2002,15.91563988
214,Belize,BLZ,2003,17.72249031
215,Belize,BLZ,2004,19.46879005
216,Belize,BLZ,2005,17.49357033
217,Belize,BLZ,2006,16.06986046
218,Belize,BLZ,2007,14.10254955
219,Belize,BLZ,2008,15.08720016
220,Belize,BLZ,2009,12.71002007
221,Belize,BLZ,2010,12.37158012
222,Belize,BLZ,2011,11.64451027
223,Belize,BLZ,2012,9.450480461
224,Belize,BLZ,2013,8.910180092
225,Benin,BEN,1999,12.44369984
226,Benin,BEN,2000,11.33121967
227,Benin,BEN,2001,9.562939644
228,Benin,BEN,2002,8.739159584
229,Benin,BEN,2003,9.326919556
230,Benin,BEN,2004,9.240839958
231,Benin,BEN,2005,9.48416996
232,Benin,BEN,2006,8.69340992
233,Benin,BEN,2007,6.800670147
234,Benin,BEN,2008,6.755650043
235,Benin,BEN,2009,4.835440159
236,Benin,BEN,2010,3.592449903
237,Benin,BEN,2011,3.741009951
238,Bermuda,BMU,2006,89.69371033
239,Bermuda,BMU,2007,117.4838104
240,Bermuda,BMU,2008,110.897438
241,Bermuda,BMU,2009,84.4070282
242,Bermuda,BMU,2010,93.93222809
243,Bermuda,BMU,2011,93.02736664
244,Bermuda,BMU,2012,112.1283264
245,Bermuda,BMU,2013,131.8604584
246,Bhutan,BTN,1999,56.99797058
247,Bhutan,BTN,2005,27.42470932
248,Bhutan,BTN,2006,27.97905922
249,Bhutan,BTN,2007,29.91168976
250,Bhutan,BTN,2008,28.92100906
251,Bhutan,BTN,2009,36.66530991
252,Bhutan,BTN,2010,38.12633133
253,Bhutan,BTN,2011,32.92731857
254,Bhutan,BTN,2012,45.45270157
255,Bhutan,BTN,2013,40.46921921
256,Bolivia,BOL,1998,1.031260014
257,Bolivia,BOL,1999,0.931909978
258,Bolivia,BOL,2000,0.916689992
259,Bolivia,BOL,2001,0.926689982
260,Bolivia,BOL,2002,1.023130059
261,Bolivia,BOL,2003,1.054630041
262,Bolivia,BOL,2004,0.959689975
263,Bolivia,BOL,2007,2.567559958
264,Bosnia and Herzegovina,BIH,2000,24.27256012
265,Bosnia and Herzegovina,BIH,2001,23.97281075
266,Bosnia and Herzegovina,BIH,2002,20.91860962
267,Bosnia and Herzegovina,BIH,2003,22.5261097
268,Bosnia and Herzegovina,BIH,2004,20.39734077
269,Bosnia and Herzegovina,BIH,2005,19.56485939
270,Bosnia and Herzegovina,BIH,2006,16.03274918
271,Bosnia and Herzegovina,BIH,2007,14.87242031
272,Bosnia and Herzegovina,BIH,2008,14.59681034
273,Bosnia and Herzegovina,BIH,2009,12.11890984
274,Bosnia and Herzegovina,BIH,2010,11.90019035
275,Bosnia and Herzegovina,BIH,2011,11.08613014
276,Bosnia and Herzegovina,BIH,2012,10.73186016
277,Bosnia and Herzegovina,BIH,2013,9.647879601
278,Botswana,BWA,1999,28.80666924
279,Botswana,BWA,2000,33.54640961
280,Botswana,BWA,2001,61.54069901
281,Botswana,BWA,2002,67.9770813
282,Botswana,BWA,2003,48.13352966
283,Botswana,BWA,2004,53.03485107
284,Botswana,BWA,2005,43.19815826
285,Botswana,BWA,2006,36.36684036
286,Botswana,BWA,2007,23.27807999
287,Botswana,BWA,2008,15.59572029
288,Botswana,BWA,2009,21.17487907
289,Botswana,BWA,2010,21.31267929
290,Botswana,BWA,2011,16.83449936
291,Botswana,BWA,2013,7.970029831
292,Brazil,BRA,1998,0.725899994
293,Brazil,BRA,1999,0.662100017
294,Brazil,BRA,2000,0.621079981
295,Brazil,BRA,2001,0.558719993
296,Brazil,BRA,2002,0.54531002
297,Brazil,BRA,2003,0.502879977
298,Brazil,BRA,2004,0.451099992
299,Brazil,BRA,2005,0.424809992
300,Brazil,BRA,2007,0.408369988
301,Brazil,BRA,2008,0.386070013
302,Brazil,BRA,2009,0.429069996
303,Brazil,BRA,2010,0.423539996
304,Brazil,BRA,2011,0.421660006
305,Brazil,BRA,2012,0.41753
306,Brazil,BRA,2013,0.437669992
307,Brunei,BRN,1998,71.71752167
308,Brunei,BRN,1999,60.08097076
309,Brunei,BRN,2000,54.68122101
310,Brunei,BRN,2001,45.18151093
311,Brunei,BRN,2002,45.405159
312,Brunei,BRN,2003,42.58689117
313,Brunei,BRN,2004,39.67866898
314,Brunei,BRN,2005,49.19371033
315,Brunei,BRN,2006,42.3832016
316,Brunei,BRN,2007,48.37245178
317,Brunei,BRN,2008,51.84590912
318,Brunei,BRN,2009,51.21990967
319,Brunei,BRN,2010,57.56578827
320,Brunei,BRN,2011,51.69390869
321,Brunei,BRN,2012,42.58636856
322,Brunei,BRN,2013,38.25598907
323,Bulgaria,BGR,1998,3.816309929
324,Bulgaria,BGR,1999,3.731159925
325,Bulgaria,BGR,2000,4.49793005
326,Bulgaria,BGR,2001,5.85311985
327,Bulgaria,BGR,2002,8.069069862
328,Bulgaria,BGR,2003,9.654829979
329,Bulgaria,BGR,2004,10.80366993
330,Bulgaria,BGR,2005,10.79222965
331,Bulgaria,BGR,2006,10.46887016
332,Bulgaria,BGR,2007,9.50605011
333,Bulgaria,BGR,2008,8.793860435
334,Bulgaria,BGR,2009,8.619319916
335,Bulgaria,BGR,2010,8.412059784
336,Bulgaria,BGR,2011,8.515190125
337,Bulgaria,BGR,2012,8.830470085
338,Bulgaria,BGR,2013,8.671979904
339,Burkina Faso,BFA,1999,13.15044022
340,Burkina Faso,BFA,2001,11.40147972
341,Burkina Faso,BFA,2002,10.63903046
342,Burkina Faso,BFA,2003,10.63949013
343,Burkina Faso,BFA,2005,8.229330063
344,Burkina Faso,BFA,2006,8.840510368
345,Burkina Faso,BFA,2007,8.334739685
346,Burkina Faso,BFA,2008,7.002460003
347,Burkina Faso,BFA,2009,6.056059837
348,Burkina Faso,BFA,2010,6.430319786
349,Burkina Faso,BFA,2011,5.564249992
350,Burkina Faso,BFA,2012,5.051109791
351,Burkina Faso,BFA,2013,4.914189816
352,Burundi,BDI,1998,19.61495018
353,Burundi,BDI,1999,17.2324791
354,Burundi,BDI,2000,14.34278965
355,Burundi,BDI,2001,15.08506966
356,Burundi,BDI,2002,9.326239586
357,Burundi,BDI,2004,5.971950054
358,Burundi,BDI,2005,5.534460068
359,Burundi,BDI,2006,6.036240101
360,Burundi,BDI,2007,6.349339962
361,Burundi,BDI,2008,6.569439888
362,Burundi,BDI,2009,6.39000988
363,Burundi,BDI,2010,5.489250183
364,Burundi,BDI,2011,6.580039978
365,Burundi,BDI,2012,5.17320013
366,Burundi,BDI,2013,4.492780209
367,Cambodia,KHM,2000,7.52959013
368,Cambodia,KHM,2001,6.952219963
369,Cambodia,KHM,2002,6.071320057
370,Cambodia,KHM,2003,5.482689857
371,Cambodia,KHM,2004,5.415949821
372,Cambodia,KHM,2005,4.365180016
373,Cambodia,KHM,2006,2.780119896
374,Cambodia,KHM,2007,2.485349894
375,Cambodia,KHM,2008,2.263870001
376,Cambodia,KHM,2009,2.28621006
377,Cambodia,KHM,2010,2.13519001
378,Cambodia,KHM,2011,1.905050039
379,Cameroon,CMR,1999,14.56159973
380,Cameroon,CMR,2000,16.31176949
381,Cameroon,CMR,2001,16.65122986
382,Cameroon,CMR,2002,15.81235981
383,Cameroon,CMR,2003,17.76195908
384,Cameroon,CMR,2004,17.61412048
385,Cameroon,CMR,2005,15.88825035
386,Cameroon,CMR,2006,13.77315044
387,Cameroon,CMR,2007,13.22560024
388,Cameroon,CMR,2008,12.77116013
389,Cameroon,CMR,2009,11.30963039
390,Cameroon,CMR,2010,9.493069649
391,Cameroon,CMR,2011,9.419500351
392,Canada,CAN,1998,2.490250111
393,Canada,CAN,1999,2.486619949
394,Canada,CAN,2000,2.546230078
395,Cape Verde,CPV,1999,292.634552
396,Cape Verde,CPV,2000,258.6855774
397,Cape Verde,CPV,2001,343.5672607
398,Cape Verde,CPV,2002,163.6858673
399,Cape Verde,CPV,2003,161.3221436
400,Cape Verde,CPV,2004,131.0229645
401,Cape Verde,CPV,2005,114.0655212
402,Cape Verde,CPV,2006,107.347641
403,Cape Verde,CPV,2007,102.0864105
404,Cape Verde,CPV,2008,51.38130188
405,Cape Verde,CPV,2009,39.09135818
406,Cape Verde,CPV,2010,31.80698013
407,Cape Verde,CPV,2011,26.16576004
408,Cape Verde,CPV,2012,26.40678024
409,Cape Verde,CPV,2013,35.43965149
410,Cayman Islands,CYM,1999,5.379749775
411,Cayman Islands,CYM,2000,3.971960068
412,Cayman Islands,CYM,2001,3.93701005
413,Cayman Islands,CYM,2002,17.26428032
414,Cayman Islands,CYM,2003,26.66666985
415,Cayman Islands,CYM,2006,63.31570053
416,Cayman Islands,CYM,2007,61.98083115
417,Cayman Islands,CYM,2008,39.0350914
418,Central African Republic,CAF,1999,8.974149704
419,Central African Republic,CAF,2000,17.20005989
420,Central African Republic,CAF,2004,15.10004997
421,Central African Republic,CAF,2006,20.89533043
422,Central African Republic,CAF,2008,10.11287975
423,Central African Republic,CAF,2009,8.218079567
424,Central African Republic,CAF,2010,10.23843002
425,Central African Republic,CAF,2011,7.693240166
426,Central African Republic,CAF,2012,8.177610397
427,Chad,TCD,1998,49.82287979
428,Chad,TCD,2000,40.78969955
429,Chad,TCD,2001,39.56731033
430,Chad,TCD,2003,36.14374924
431,Chad,TCD,2004,26.44104958
432,Chad,TCD,2005,22.1409893
433,Chad,TCD,2008,17.49560928
434,Chad,TCD,2009,17.0967598
435,Chad,TCD,2010,16.19753075
436,Chad,TCD,2011,15.96028042
437,Chile,CHL,1998,1.127040029
438,Chile,CHL,1999,1.041239977
439,Chile,CHL,2000,1.12124002
440,Chile,CHL,2002,1.127920032
441,Chile,CHL,2003,1.200289965
442,Chile,CHL,2004,0.969569981
443,Chile,CHL,2005,1.156090021
444,Chile,CHL,2006,0.954919994
445,Chile,CHL,2007,0.81990999
446,Chile,CHL,2008,0.884530008
447,Chile,CHL,2009,0.94066
448,Chile,CHL,2010,0.924109995
449,Chile,CHL,2011,0.928860009
450,Chile,CHL,2012,0.797609985
451,Chile,CHL,2013,0.761200011
452,China,CHN,1998,1.972980022
453,China,CHN,1999,1.933449984
454,China,CHN,2000,1.917770028
455,China,CHN,2001,1.762480021
456,China,CHN,2002,1.848680019
457,China,CHN,2003,2.059619904
458,China,CHN,2004,2.022660017
459,China,CHN,2005,1.95875001
460,China,CHN,2006,1.743450046
461,China,CHN,2007,1.697900057
462,China,CHN,2008,1.722980022
463,China,CHN,2009,1.765900016
464,China,CHN,2010,1.831359982
465,China,CHN,2011,2.07814002
466,China,CHN,2012,2.129659891
467,China,CHN,2013,2.088969946
468,Colombia,COL,1998,1.119639993
469,Colombia,COL,1999,1.151900053
470,Colombia,COL,2000,1.288319945
471,Colombia,COL,2001,1.339140058
472,Colombia,COL,2002,1.695739985
473,Colombia,COL,2004,1.569280028
474,Colombia,COL,2005,1.449920058
475,Colombia,COL,2006,1.335229993
476,Colombia,COL,2007,1.339349985
477,Colombia,COL,2008,1.351969957
478,Colombia,COL,2009,1.407009959
479,Colombia,COL,2010,1.456709981
480,Colombia,COL,2011,1.38609004
481,Colombia,COL,2012,1.282520056
482,Colombia,COL,2013,1.209390044
483,Comoros,COM,1999,361.9414368
484,Comoros,COM,2000,324.7549133
485,Comoros,COM,2003,142.7038422
486,Comoros,COM,2007,118.3502502
487,Comoros,COM,2009,79.31848907
488,Comoros,COM,2010,95.59120178
489,Comoros,COM,2011,71.05966949
490,Comoros,COM,2012,70.52809906
491,Comoros,COM,2013,67.08441925
492,Congo,COG,1999,49.80863953
493,Congo,COG,2000,33.82334137
494,Congo,COG,2001,39.60680008
495,Congo,COG,2002,49.68505096
496,Congo,COG,2003,53.97726059
497,Congo,COG,2009,35.92597961
498,Congo,COG,2011,27.64974022
499,Congo,COG,2012,23.37653923
500,Congo,COG,2013,21.78288078
501,Costa Rica,CRI,2004,1.494079947
502,Costa Rica,CRI,2011,1.03918004
503,Costa Rica,CRI,2012,1.031329989
504,Costa Rica,CRI,2013,1.034540057
505,Cote d'Ivoire,CIV,1999,4.312119961
506,Cote d'Ivoire,CIV,2007,4.158249855
507,Cote d'Ivoire,CIV,2009,4.433199883
508,Cote d'Ivoire,CIV,2010,4.977009773
509,Cote d'Ivoire,CIV,2012,9.556340218
510,Cote d'Ivoire,CIV,2013,4.15471983
511,Croatia,HRV,1998,12.64148998
512,Croatia,HRV,1999,11.88457012
513,Croatia,HRV,2000,12.6093998
514,Croatia,HRV,2001,12.08915997
515,Croatia,HRV,2002,11.50104046
516,Croatia,HRV,2003,11.0243597
517,Croatia,HRV,2004,10.73740959
518,Croatia,HRV,2005,9.954589844
519,Croatia,HRV,2006,6.493859768
520,Croatia,HRV,2007,6.379749775
521,Croatia,HRV,2008,6.609630108
522,Croatia,HRV,2009,7.079339981
523,Croatia,HRV,2010,6.650300026
524,Croatia,HRV,2011,6.46295023
525,Croatia,HRV,2012,5.75469017
526,Cuba,CUB,1998,1.269659996
527,Cuba,CUB,1999,0.863399982
528,Cuba,CUB,2000,1.057510018
529,Cuba,CUB,2001,0.903779984
530,Cuba,CUB,2002,0.724919975
531,Cuba,CUB,2003,0.736029983
532,Cuba,CUB,2004,0.302370012
533,Cuba,CUB,2005,0.271970004
534,Cuba,CUB,2006,0.20239
535,Cuba,CUB,2007,0.166759998
536,Cuba,CUB,2008,0.161249995
537,Cuba,CUB,2009,0.180720001
538,Cuba,CUB,2010,0.264519989
539,Cuba,CUB,2011,0.320760012
540,Cuba,CUB,2012,0.392399997
541,Cuba,CUB,2013,0.487360001
542,Cyprus,CYP,1999,124.9400482
543,Cyprus,CYP,2000,159.5872498
544,Cyprus,CYP,2001,139.0539093
545,Cyprus,CYP,2002,101.0644836
546,Cyprus,CYP,2003,93.2273407
547,Cyprus,CYP,2004,91.23458862
548,Cyprus,CYP,2005,106.3552094
549,Cyprus,CYP,2006,93.50074768
550,Cyprus,CYP,2007,103.8286819
551,Cyprus,CYP,2008,94.93019104
552,Cyprus,CYP,2009,83.0509491
553,Cyprus,CYP,2010,83.94863892
554,Cyprus,CYP,2011,84.00122833
555,Cyprus,CYP,2012,84.50679779
556,Czechia,CZE,1998,1.904289961
557,Czechia,CZE,1999,1.795660019
558,Czechia,CZE,2000,1.793910027
559,Czechia,CZE,2001,2.028539896
560,Czechia,CZE,2002,2.143599987
561,Czechia,CZE,2003,2.40060997
562,Czechia,CZE,2004,2.105439901
563,Czechia,CZE,2005,2.046099901
564,Czechia,CZE,2006,2.051719904
565,Czechia,CZE,2007,1.991019964
566,Czechia,CZE,2008,2.39515996
567,Czechia,CZE,2009,2.529210091
568,Czechia,CZE,2010,2.618119955
569,Czechia,CZE,2011,2.668200016
570,Czechia,CZE,2012,2.745840073
571,Czechia,CZE,2013,2.929059982
572,Democratic Republic of Congo,COD,1999,7.348239899
573,Democratic Republic of Congo,COD,2006,1.360569954
574,Democratic Republic of Congo,COD,2007,1.378129959
575,Democratic Republic of Congo,COD,2008,1.23653996
576,Democratic Republic of Congo,COD,2009,1.081259966
577,Democratic Republic of Congo,COD,2011,1.106899977
578,Democratic Republic of Congo,COD,2012,1.301419973
579,Democratic Republic of Congo,COD,2013,1.309409976
580,Denmark,DNK,1998,3.362179995
581,Denmark,DNK,1999,3.380880117
582,Denmark,DNK,2000,3.480340004
583,Denmark,DNK,2001,3.294939995
584,Denmark,DNK,2002,3.389889956
585,Denmark,DNK,2003,3.349299908
586,Denmark,DNK,2004,2.512419939
587,Denmark,DNK,2005,2.331860065
588,Denmark,DNK,2006,2.262769938
589,Denmark,DNK,2007,2.188110113
590,Denmark,DNK,2008,2.152509928
591,Denmark,DNK,2009,2.209110022
592,Denmark,DNK,2010,2.215049982
593,Denmark,DNK,2011,2.341939926
594,Denmark,DNK,2012,2.121390104
595,Denmark,DNK,2013,1.804450035
596,Djibouti,DJI,1999,670.8571167
597,Djibouti,DJI,2000,649.166687
598,Djibouti,DJI,2001,277.2896423
599,Djibouti,DJI,2002,217.0901947
600,Djibouti,DJI,2003,191.1373749
601,Djibouti,DJI,2004,164.7186127
602,Djibouti,DJI,2005,125.8469086
603,Djibouti,DJI,2006,128.6385651
604,Djibouti,DJI,2007,70.32569885
605,Djibouti,DJI,2008,61.2417717
606,Djibouti,DJI,2009,55.65522003
607,Djibouti,DJI,2010,55.59803009
608,Djibouti,DJI,2011,39.29608154
609,Dominican Republic,DOM,2003,0.708010018
610,Dominican Republic,DOM,2012,0.775380015
611,East Asia and Pacific,,1997,2.134589911
612,East Asia and Pacific,,1998,2.060389996
613,East Asia and Pacific,,1999,1.968969941
614,East Asia and Pacific,,2000,1.858819962
615,East Asia and Pacific,,2001,1.804159999
616,East Asia and Pacific,,2002,1.929929972
617,East Asia and Pacific,,2003,2.034810066
618,East Asia and Pacific,,2004,1.981269956
619,East Asia and Pacific,,2005,1.945459962
620,East Asia and Pacific,,2006,1.822749972
621,East Asia and Pacific,,2007,1.811650038
622,East Asia and Pacific,,2008,1.829849958
623,East Asia and Pacific,,2009,1.866449952
624,East Asia and Pacific,,2010,1.879410028
625,East Asia and Pacific,,2011,1.97803998
626,East Asia and Pacific,,2012,1.953340054
627,East Asia and Pacific,,2013,1.920420051
628,East Asia and Pacific (excluding high-income countries),,1997,1.959089994
629,East Asia and Pacific (excluding high-income countries),,1998,1.840620041
630,East Asia and Pacific (excluding high-income countries),,1999,1.673079967
631,East Asia and Pacific (excluding high-income countries),,2000,1.626459956
632,East Asia and Pacific (excluding high-income countries),,2001,1.564880013
633,East Asia and Pacific (excluding high-income countries),,2002,1.671460032
634,East Asia and Pacific (excluding high-income countries),,2003,1.813619971
635,East Asia and Pacific (excluding high-income countries),,2004,1.780040026
636,East Asia and Pacific (excluding high-income countries),,2005,1.742310047
637,East Asia and Pacific (excluding high-income countries),,2006,1.620849967
638,East Asia and Pacific (excluding high-income countries),,2007,1.612579942
639,East Asia and Pacific (excluding high-income countries),,2008,1.643399954
640,East Asia and Pacific (excluding high-income countries),,2009,1.69193995
641,East Asia and Pacific (excluding high-income countries),,2010,1.730270028
642,East Asia and Pacific (excluding high-income countries),,2011,1.86785996
643,East Asia and Pacific (excluding high-income countries),,2012,1.862239957
644,East Asia and Pacific (excluding high-income countries),,2013,1.83457005
645,Ecuador,ECU,2008,1.63812995
646,Ecuador,ECU,2012,1.906159997
647,Egypt,EGY,1999,0.423150003
648,Egypt,EGY,2001,0.45807001
649,Egypt,EGY,2002,0.433230013
650,Egypt,EGY,2003,0.461780012
651,Egypt,EGY,2004,0.423680007
652,Egypt,EGY,2005,0.408960015
653,Egypt,EGY,2006,0.415250003
654,Egypt,EGY,2007,0.437059999
655,Egypt,EGY,2008,0.484820008
656,Egypt,EGY,2009,0.494150013
657,Egypt,EGY,2010,0.541419983
658,Egypt,EGY,2011,0.656120002
659,Egypt,EGY,2012,0.706860006
660,Egypt,EGY,2013,0.796949983
661,El Salvador,SLV,1998,0.987030029
662,El Salvador,SLV,1999,0.968850017
663,El Salvador,SLV,2000,1.477220058
664,El Salvador,SLV,2001,1.643569946
665,El Salvador,SLV,2002,1.892689943
666,El Salvador,SLV,2003,2.133810043
667,El Salvador,SLV,2004,1.759520054
668,El Salvador,SLV,2005,1.797999978
669,El Salvador,SLV,2006,1.852689981
670,El Salvador,SLV,2007,2.039979935
671,El Salvador,SLV,2008,1.95855999
672,El Salvador,SLV,2009,2.099030018
673,El Salvador,SLV,2010,2.109499931
674,El Salvador,SLV,2011,1.442800045
675,El Salvador,SLV,2012,1.789710045
676,El Salvador,SLV,2013,1.742920041
677,Equatorial Guinea,GNQ,2000,100.3988037
678,Eritrea,ERI,1998,19.41213989
679,Eritrea,ERI,1999,15.59840012
680,Eritrea,ERI,2000,17.70858955
681,Eritrea,ERI,2001,15.32643032
682,Eritrea,ERI,2002,18.1153698
683,Eritrea,ERI,2004,17.71663094
684,Eritrea,ERI,2009,8.485030174
685,Eritrea,ERI,2010,8.593509674
686,Estonia,EST,1998,6.76154995
687,Estonia,EST,1999,6.548349857
688,Estonia,EST,2000,6.398169994
689,Estonia,EST,2001,6.890029907
690,Estonia,EST,2002,5.919819832
691,Estonia,EST,2003,6.448719978
692,Estonia,EST,2004,5.326759815
693,Estonia,EST,2005,5.307849884
694,Estonia,EST,2006,5.006440163
695,Estonia,EST,2007,4.751550198
696,Estonia,EST,2008,5.171730042
697,Estonia,EST,2009,5.530439854
698,Estonia,EST,2010,5.820059776
699,Estonia,EST,2011,6.228409767
700,Estonia,EST,2012,6.691609859
701,Estonia,EST,2013,6.437109947
702,Eswatini,SWZ,1999,22.99180031
703,Eswatini,SWZ,2000,29.03651047
704,Eswatini,SWZ,2002,40.32833099
705,Eswatini,SWZ,2004,40.14002991
706,Eswatini,SWZ,2005,49.6891098
707,Eswatini,SWZ,2006,56.01428986
708,Eswatini,SWZ,2011,49.4651413
709,Eswatini,SWZ,2013,33.33971024
710,Ethiopia,ETH,1998,7.575620174
711,Ethiopia,ETH,1999,6.724020004
712,Ethiopia,ETH,2000,5.297719955
713,Ethiopia,ETH,2001,3.763010025
714,Ethiopia,ETH,2002,3.262989998
715,Ethiopia,ETH,2003,2.316550016
716,Ethiopia,ETH,2004,1.995090008
717,Ethiopia,ETH,2005,1.857640028
718,Ethiopia,ETH,2008,1.254799962
719,Ethiopia,ETH,2009,1.27207005
720,Ethiopia,ETH,2010,0.936360002
721,Ethiopia,ETH,2011,1.071750045
722,Ethiopia,ETH,2012,0.822099984
723,Euro area,,1997,3.269459963
724,Euro area,,1998,3.237309933
725,Euro area,,1999,3.289690018
726,Euro area,,2000,3.332129955
727,Euro area,,2001,3.263410091
728,Euro area,,2002,3.203880072
729,Euro area,,2003,3.231750011
730,Euro area,,2004,2.806440115
731,Euro area,,2005,2.856479883
732,Euro area,,2006,2.803659916
733,Euro area,,2007,2.932610035
734,Euro area,,2008,2.823410034
735,Euro area,,2009,3.069210052
736,Euro area,,2010,3.264580011
737,Euro area,,2011,3.399420023
738,Euro area,,2012,3.566450119
739,Euro area,,2013,3.706419945
740,Europe and Central Asia,,1997,2.594180107
741,Europe and Central Asia,,1998,2.53628993
742,Europe and Central Asia,,1999,2.481940031
743,Europe and Central Asia,,2000,2.438030005
744,Europe and Central Asia,,2001,2.374919891
745,Europe and Central Asia,,2002,2.363199949
746,Europe and Central Asia,,2003,2.341300011
747,Europe and Central Asia,,2004,2.177510023
748,Europe and Central Asia,,2005,2.190619946
749,Europe and Central Asia,,2006,2.080830097
750,Europe and Central Asia,,2007,2.147919893
751,Europe and Central Asia,,2008,2.24416995
752,Europe and Central Asia,,2009,2.329180002
753,Europe and Central Asia,,2010,2.477299929
754,Europe and Central Asia,,2011,2.648829937
755,Europe and Central Asia,,2012,2.746259928
756,Europe and Central Asia,,2013,2.821130037
757,Europe and Central Asia (excluding high-income countries),,1997,3.220499992
758,Europe and Central Asia (excluding high-income countries),,1998,3.19039011
759,Europe and Central Asia (excluding high-income countries),,1999,3.17986989
760,Europe and Central Asia (excluding high-income countries),,2000,3.169929981
761,Europe and Central Asia (excluding high-income countries),,2001,3.077470064
762,Europe and Central Asia (excluding high-income countries),,2002,3.233419895
763,Europe and Central Asia (excluding high-income countries),,2003,3.114660025
764,Europe and Central Asia (excluding high-income countries),,2004,3.115109921
765,Europe and Central Asia (excluding high-income countries),,2005,3.152750015
766,Europe and Central Asia (excluding high-income countries),,2006,2.809020042
767,Europe and Central Asia (excluding high-income countries),,2007,2.852400064
768,Europe and Central Asia (excluding high-income countries),,2008,3.326610088
769,Europe and Central Asia (excluding high-income countries),,2009,3.218359947
770,Europe and Central Asia (excluding high-income countries),,2010,3.381680012
771,Europe and Central Asia (excluding high-income countries),,2011,3.620229959
772,Europe and Central Asia (excluding high-income countries),,2012,3.569770098
773,Europe and Central Asia (excluding high-income countries),,2013,3.502379894
774,European Union,,1997,2.958899975
775,European Union,,1998,2.91053009
776,European Union,,1999,2.853709936
777,European Union,,2000,2.854809999
778,European Union,,2001,2.86480999
779,European Union,,2002,2.840500116
780,European Union,,2003,2.904629946
781,European Union,,2004,2.566459894
782,European Union,,2005,2.585020065
783,European Union,,2006,2.51312995
784,European Union,,2007,2.59713006
785,European Union,,2008,2.505880117
786,European Union,,2009,2.676690102
787,European Union,,2010,2.830149889
788,European Union,,2011,2.989160061
789,European Union,,2012,3.096859932
790,European Union,,2013,3.246229887
791,Fiji,FJI,2003,14.34385014
792,Fiji,FJI,2004,12.83736038
793,Fiji,FJI,2005,13.47801971
794,Finland,FIN,1998,3.788889885
795,Finland,FIN,1999,3.774960041
796,Finland,FIN,2000,3.788340092
797,Finland,FIN,2001,3.579370022
798,Finland,FIN,2002,3.628289938
799,Finland,FIN,2003,3.586539984
800,Finland,FIN,2004,2.02222991
801,Finland,FIN,2005,1.913709998
802,Finland,FIN,2006,1.969249964
803,Finland,FIN,2007,1.955639958
804,Finland,FIN,2008,2.094820023
805,Finland,FIN,2009,2.383209944
806,Finland,FIN,2010,2.431070089
807,Finland,FIN,2011,2.486500025
808,Finland,FIN,2012,2.635760069
809,Finland,FIN,2013,2.673540115
810,France,FRA,1998,2.305789948
811,France,FRA,1999,2.401160002
812,France,FRA,2000,2.504040003
813,France,FRA,2001,2.589799881
814,France,FRA,2002,2.752049923
815,France,FRA,2003,2.706549883
816,France,FRA,2004,2.155849934
817,France,FRA,2005,2.247159958
818,France,FRA,2006,2.423749924
819,France,FRA,2007,2.505680084
820,France,FRA,2008,2.128700018
821,France,FRA,2009,2.436719894
822,France,FRA,2010,2.546610117
823,France,FRA,2011,2.661489964
824,France,FRA,2012,2.774580002
825,France,FRA,2013,3.59510994
826,Gabon,GAB,1999,38.40491867
827,Gabon,GAB,2001,35.51634979
828,Gabon,GAB,2003,41.99988937
829,Georgia,GEO,1999,2.997760057
830,Georgia,GEO,2000,3.186700106
831,Georgia,GEO,2001,3.309710026
832,Georgia,GEO,2002,3.533710003
833,Georgia,GEO,2003,3.904069901
834,Georgia,GEO,2004,4.37319994
835,Georgia,GEO,2005,4.231699944
836,Georgia,GEO,2006,5.211629868
837,Georgia,GEO,2007,5.828929901
838,Georgia,GEO,2008,6.410439968
839,Georgia,GEO,2009,9.280619621
840,Georgia,GEO,2010,8.265119553
841,Georgia,GEO,2011,7.644659996
842,Georgia,GEO,2012,10.02807999
843,Georgia,GEO,2013,8.785149574
844,Germany,DEU,2013,4.284959793
845,Ghana,GHA,2005,6.987939835
846,Ghana,GHA,2006,7.231790066
847,Ghana,GHA,2007,5.497129917
848,Ghana,GHA,2008,4.068220139
849,Ghana,GHA,2009,3.840650082
850,Ghana,GHA,2011,3.103359938
851,Ghana,GHA,2012,2.979259968
852,Ghana,GHA,2013,2.494230032
853,Greece,GRC,1998,16.58790016
854,Greece,GRC,1999,17.26169014
855,Greece,GRC,2000,15.07777977
856,Greece,GRC,2001,12.9086504
857,Greece,GRC,2002,10.42292976
858,Greece,GRC,2003,8.999830246
859,Greece,GRC,2004,7.93159008
860,Greece,GRC,2005,6.447289944
861,Greece,GRC,2006,5.275990009
862,Greece,GRC,2007,5.305630207
863,Greece,GRC,2010,4.553470135
864,Greece,GRC,2011,4.446889877
865,Greece,GRC,2012,5.14384985
866,Grenada,GRD,2009,9.209150314
867,Guatemala,GTM,2002,1.999300003
868,Guatemala,GTM,2007,1.175529957
869,Guatemala,GTM,2013,0.959990025
870,Guinea,GIN,1998,22.29207039
871,Guinea,GIN,2004,16.32910919
872,Guinea,GIN,2005,13.17899036
873,Guinea,GIN,2006,9.010540009
874,Guinea,GIN,2007,6.166429996
875,Guinea,GIN,2008,5.648749828
876,Guinea,GIN,2009,5.508969784
877,Guinea,GIN,2010,5.797719955
878,Guinea,GIN,2011,6.034190178
879,Guinea,GIN,2012,6.00924015
880,Guinea,GIN,2013,5.167109966
881,Guinea-Bissau,GNB,2005,24.03373909
882,Guinea-Bissau,GNB,2006,24.19807053
883,Guyana,GUY,2003,21.58966064
884,Guyana,GUY,2004,15.72912025
885,Guyana,GUY,2005,15.34051991
886,Guyana,GUY,2006,14.94526958
887,Guyana,GUY,2007,19.03146935
888,Guyana,GUY,2008,19.5401001
889,Guyana,GUY,2009,22.36103058
890,Guyana,GUY,2010,10.46730995
891,Guyana,GUY,2011,19.80758095
892,Guyana,GUY,2012,17.27446938
893,Heavily-indebted poor countries,,1997,8.138669968
894,Heavily-indebted poor countries,,1998,7.692259789
895,Heavily-indebted poor countries,,1999,7.355569839
896,Heavily-indebted poor countries,,2000,6.948619843
897,Heavily-indebted poor countries,,2001,6.452469826
898,Heavily-indebted poor countries,,2002,6.4197402
899,Heavily-indebted poor countries,,2003,6.434130192
900,Heavily-indebted poor countries,,2004,5.844890118
901,Heavily-indebted poor countries,,2005,5.617680073
902,Heavily-indebted poor countries,,2006,5.311719894
903,Heavily-indebted poor countries,,2007,5.223390102
904,Heavily-indebted poor countries,,2008,4.848659992
905,Heavily-indebted poor countries,,2009,4.550290108
906,Heavily-indebted poor countries,,2010,4.279260159
907,Heavily-indebted poor countries,,2011,4.243500233
908,Heavily-indebted poor countries,,2012,4.01293993
909,Heavily-indebted poor countries,,2013,3.760289907
910,High-income countries,,1997,1.784639955
911,High-income countries,,1998,1.795339942
912,High-income countries,,1999,1.783329964
913,High-income countries,,2000,1.773519993
914,High-income countries,,2001,1.765509963
915,High-income countries,,2002,1.728320003
916,High-income countries,,2003,1.727159977
917,High-income countries,,2004,1.607370019
918,High-income countries,,2005,1.618659973
919,High-income countries,,2006,1.5898
920,High-income countries,,2007,1.634649992
921,High-income countries,,2008,1.607910037
922,High-income countries,,2009,1.679769993
923,High-income countries,,2010,1.709409952
924,High-income countries,,2011,1.755429983
925,High-income countries,,2012,1.812780023
926,High-income countries,,2013,1.903470039
927,Honduras,HND,1998,1.460759997
928,Honduras,HND,1999,1.341179967
929,Honduras,HND,2000,1.959830046
930,Honduras,HND,2001,1.742820024
931,Honduras,HND,2002,1.710579991
932,Honduras,HND,2003,1.627500057
933,Honduras,HND,2004,1.68058002
934,Honduras,HND,2008,1.735049963
935,Honduras,HND,2010,1.739189982
936,Honduras,HND,2012,1.776950002
937,Honduras,HND,2013,1.819589972
938,Hong Kong,HKG,2003,23.8385601
939,Hong Kong,HKG,2004,22.8546505
940,Hong Kong,HKG,2005,22.25412941
941,Hong Kong,HKG,2006,20.22006035
942,Hong Kong,HKG,2007,17.0546093
943,Hong Kong,HKG,2008,13.30739021
944,Hong Kong,HKG,2009,13.02880001
945,Hong Kong,HKG,2010,12.37598991
946,Hong Kong,HKG,2011,11.56546974
947,Hong Kong,HKG,2012,11.3916502
948,Hong Kong,HKG,2013,10.59442997
949,Hungary,HUN,1998,2.613729954
950,Hungary,HUN,1999,2.313549995
951,Hungary,HUN,2000,2.26602006
952,Hungary,HUN,2001,2.230580091
953,Hungary,HUN,2002,2.233449936
954,Hungary,HUN,2003,2.112449884
955,Hungary,HUN,2004,1.782500029
956,Hungary,HUN,2005,1.738150001
957,Hungary,HUN,2006,1.619040012
958,Hungary,HUN,2007,1.664620042
959,Hungary,HUN,2008,1.691249967
960,Hungary,HUN,2009,1.884570003
961,Hungary,HUN,2010,2.072730064
962,Hungary,HUN,2011,2.119040012
963,Hungary,HUN,2012,2.061029911
964,Hungary,HUN,2013,2.371490002
965,Iceland,ISL,1998,29.62962914
966,Iceland,ISL,1999,28.76388931
967,Iceland,ISL,2000,25.49172974
968,Iceland,ISL,2001,24.24431992
969,Iceland,ISL,2002,25.8015995
970,Iceland,ISL,2003,22.56793976
971,Iceland,ISL,2004,15.20685959
972,Iceland,ISL,2005,15.38640976
973,Iceland,ISL,2006,15.46020985
974,Iceland,ISL,2007,15.73066998
975,Iceland,ISL,2008,14.37275982
976,Iceland,ISL,2009,15.56632996
977,Iceland,ISL,2010,15.49221992
978,Iceland,ISL,2011,14.31385994
979,Iceland,ISL,2012,14.4012804
980,India,IND,2000,0.662890017
981,India,IND,2001,0.755209982
982,India,IND,2002,0.948199987
983,India,IND,2003,1.052880049
984,India,IND,2004,1.129240036
985,India,IND,2005,1.239959955
986,India,IND,2006,1.132359982
987,India,IND,2007,1.086539984
988,India,IND,2008,1.067010045
989,India,IND,2009,1.098449945
990,India,IND,2010,1.006340027
991,India,IND,2011,0.766369998
992,India,IND,2012,0.660839975
993,India,IND,2013,0.636879981
994,Indonesia,IDN,1998,1.033660054
995,Indonesia,IDN,1999,0.978209972
996,Indonesia,IDN,2000,1.111819983
997,Indonesia,IDN,2001,1.196460009
998,Indonesia,IDN,2002,1.248170018
999,Indonesia,IDN,2003,1.153399944
1000,Indonesia,IDN,2004,0.95915997
1001,Indonesia,IDN,2005,0.894119978
1002,Indonesia,IDN,2006,0.848680019
1003,Indonesia,IDN,2007,0.886370003
1004,Indonesia,IDN,2008,0.792050004
1005,Indonesia,IDN,2009,0.750519991
1006,Indonesia,IDN,2010,0.743340015
1007,Indonesia,IDN,2011,0.681529999
1008,Indonesia,IDN,2012,0.574029982
1009,Iran,IRN,1999,1.762410045
1010,Iran,IRN,2000,1.544700027
1011,Iran,IRN,2001,1.305240035
1012,Iran,IRN,2002,1.335919976
1013,Iran,IRN,2003,1.26809001
1014,Iran,IRN,2004,1.180649996
1015,Iran,IRN,2005,1.158519983
1016,Iran,IRN,2006,1.000869989
1017,Iran,IRN,2007,1.012210011
1018,Iran,IRN,2008,0.951070011
1019,Iran,IRN,2009,1.168830037
1020,Iran,IRN,2010,1.164700031
1021,Iran,IRN,2011,1.203830004
1022,Iran,IRN,2012,1.159479976
1023,Iran,IRN,2013,1.145920038
1024,Iraq,IRQ,1999,1.810260057
1025,Iraq,IRQ,2000,1.727489948
1026,Iraq,IRQ,2002,1.595239997
1027,Iraq,IRQ,2004,1.042170048
1028,Iraq,IRQ,2005,1.292440057
1029,Ireland,IRL,1998,13.74479961
1030,Ireland,IRL,1999,12.84331036
1031,Ireland,IRL,2000,11.09632969
1032,Ireland,IRL,2001,9.362409592
1033,Ireland,IRL,2002,8.724129677
1034,Ireland,IRL,2003,8.805339813
1035,Ireland,IRL,2004,9.314259529
1036,Ireland,IRL,2005,10.28166008
1037,Ireland,IRL,2006,10.70221996
1038,Ireland,IRL,2007,10.19799042
1039,Ireland,IRL,2008,10.07771015
1040,Ireland,IRL,2009,10.09368038
1041,Ireland,IRL,2010,10.31365013
1042,Ireland,IRL,2011,10.46560955
1043,Ireland,IRL,2012,9.624340057
1044,Israel,ISR,1998,4.269820213
1045,Israel,ISR,1999,4.175479889
1046,Israel,ISR,2000,5.472710133
1047,Israel,ISR,2001,5.915019989
1048,Israel,ISR,2002,4.122620106
1049,Israel,ISR,2003,4.017739773
1050,Israel,ISR,2004,3.545480013
1051,Israel,ISR,2005,3.796289921
1052,Israel,ISR,2006,3.879080057
1053,Israel,ISR,2007,3.776859999
1054,Israel,ISR,2008,4.086589813
1055,Israel,ISR,2009,3.890650034
1056,Israel,ISR,2010,3.782109976
1057,Israel,ISR,2011,3.824640036
1058,Israel,ISR,2012,3.801340103
1059,Israel,ISR,2013,3.943370104
1060,Italy,ITA,1998,2.075920105
1061,Italy,ITA,1999,2.206549883
1062,Italy,ITA,2000,2.345180035
1063,Italy,ITA,2001,2.332439899
1064,Italy,ITA,2002,2.273849964
1065,Italy,ITA,2003,2.271950006
1066,Italy,ITA,2004,1.762290001
1067,Italy,ITA,2005,1.706730008
1068,Italy,ITA,2006,1.47566998
1069,Italy,ITA,2007,1.543560028
1070,Italy,ITA,2008,1.577280045
1071,Italy,ITA,2009,1.79531002
1072,Italy,ITA,2010,2.037470102
1073,Italy,ITA,2011,2.2260499
1074,Italy,ITA,2012,2.467060089
1075,Jamaica,JAM,1999,19.35897064
1076,Jamaica,JAM,2000,13.93595982
1077,Jamaica,JAM,2001,11.91224003
1078,Jamaica,JAM,2002,12.24116039
1079,Jamaica,JAM,2003,13.01334
1080,Jamaica,JAM,2004,13.70359993
1081,Jamaica,JAM,2005,14.13782024
1082,Jamaica,JAM,2006,13.23241043
1083,Jamaica,JAM,2008,9.914620399
1084,Jamaica,JAM,2009,9.518280029
1085,Jamaica,JAM,2010,7.975669861
1086,Jamaica,JAM,2011,6.834549904
1087,Jamaica,JAM,2012,5.404510021
1088,Jamaica,JAM,2013,5.378859997
1089,Japan,JPN,1998,1.440289974
1090,Japan,JPN,1999,1.481699944
1091,Japan,JPN,2000,1.489230037
1092,Japan,JPN,2001,1.438189983
1093,Japan,JPN,2002,1.611799955
1094,Japan,JPN,2003,1.630740047
1095,Japan,JPN,2004,1.525200009
1096,Japan,JPN,2005,1.591590047
1097,Japan,JPN,2006,1.448140025
1098,Japan,JPN,2007,1.372400045
1099,Japan,JPN,2008,1.290770054
1100,Japan,JPN,2009,1.171830058
1101,Japan,JPN,2010,1.051280022
1102,Japan,JPN,2011,0.920769989
1103,Japan,JPN,2012,0.860220015
1104,Jordan,JOR,2000,8.495849609
1105,Jordan,JOR,2002,7.783150196
1106,Jordan,JOR,2003,6.738850117
1107,Jordan,JOR,2004,5.806000233
1108,Jordan,JOR,2005,5.761789799
1109,Jordan,JOR,2006,5.825379848
1110,Jordan,JOR,2007,5.717020035
1111,Jordan,JOR,2008,5.345359802
1112,Jordan,JOR,2009,5.501049995
1113,Jordan,JOR,2010,6.126329899
1114,Jordan,JOR,2011,6.255090237
1115,Jordan,JOR,2012,5.438640118
1116,Kazakhstan,KAZ,1999,6.22660017
1117,Kazakhstan,KAZ,2000,4.827670097
1118,Kazakhstan,KAZ,2005,3.908799887
1119,Kazakhstan,KAZ,2006,3.211369991
1120,Kazakhstan,KAZ,2012,5.268730164
1121,Kazakhstan,KAZ,2013,6.254389763
1122,Kenya,KEN,2000,11.81416988
1123,Kenya,KEN,2001,12.01152992
1124,Kenya,KEN,2002,13.57015038
1125,Kenya,KEN,2004,13.16032028
1126,Kenya,KEN,2005,12.35340023
1127,Kenya,KEN,2009,8.232009888
1128,Kuwait,KWT,1999,15.3276701
1129,Kuwait,KWT,2001,15.77867985
1130,Kuwait,KWT,2002,16.89492989
1131,Kuwait,KWT,2003,14.83178997
1132,Kuwait,KWT,2004,18.00956917
1133,Kuwait,KWT,2013,23.40133095
1134,Kyrgyzstan,KGZ,1998,3.74090004
1135,Kyrgyzstan,KGZ,1999,3.687639952
1136,Kyrgyzstan,KGZ,2000,1.697900057
1137,Kyrgyzstan,KGZ,2001,1.576020002
1138,Kyrgyzstan,KGZ,2002,1.581680059
1139,Kyrgyzstan,KGZ,2003,1.336210012
1140,Kyrgyzstan,KGZ,2004,1.521749973
1141,Kyrgyzstan,KGZ,2005,1.376440048
1142,Kyrgyzstan,KGZ,2006,1.549499989
1143,Kyrgyzstan,KGZ,2007,1.704239964
1144,Kyrgyzstan,KGZ,2008,1.567479968
1145,Kyrgyzstan,KGZ,2009,1.682690024
1146,Kyrgyzstan,KGZ,2010,1.939329982
1147,Kyrgyzstan,KGZ,2011,2.204459906
1148,Kyrgyzstan,KGZ,2013,2.06765008
1149,Laos,LAO,1998,15.01992035
1150,Laos,LAO,1999,13.48956966
1151,Laos,LAO,2000,9.028909683
1152,Laos,LAO,2001,6.588590145
1153,Laos,LAO,2002,5.334959984
1154,Laos,LAO,2003,5.575809956
1155,Laos,LAO,2004,5.919730186
1156,Laos,LAO,2005,5.006430149
1157,Laos,LAO,2006,5.302740097
1158,Laos,LAO,2007,4.651949883
1159,Laos,LAO,2008,4.341969967
1160,Laos,LAO,2009,3.772949934
1161,Laos,LAO,2010,3.277319908
1162,Laos,LAO,2011,3.307899952
1163,Laos,LAO,2012,3.438649893
1164,Laos,LAO,2013,3.636140108
1165,Latin America and the Caribbean,,1997,1.088580012
1166,Latin America and the Caribbean,,1998,1.060070038
1167,Latin America and the Caribbean,,1999,1.001049995
1168,Latin America and the Caribbean,,2000,1.045240045
1169,Latin America and the Caribbean,,2001,1.015400052
1170,Latin America and the Caribbean,,2002,1.09010005
1171,Latin America and the Caribbean,,2003,1.119189978
1172,Latin America and the Caribbean,,2004,1.017840028
1173,Latin America and the Caribbean,,2005,0.993009984
1174,Latin America and the Caribbean,,2006,0.924679995
1175,Latin America and the Caribbean,,2007,0.973580003
1176,Latin America and the Caribbean,,2008,0.947650015
1177,Latin America and the Caribbean,,2009,0.966329992
1178,Latin America and the Caribbean,,2010,0.972800016
1179,Latin America and the Caribbean,,2011,0.917509973
1180,Latin America and the Caribbean,,2012,0.884920001
1181,Latin America and the Caribbean,,2013,0.873520017
1182,Latin America and the Caribbean (excluding high-income countries),,1997,1.01157999
1183,Latin America and the Caribbean (excluding high-income countries),,1998,0.986519992
1184,Latin America and the Caribbean (excluding high-income countries),,1999,0.926010013
1185,Latin America and the Caribbean (excluding high-income countries),,2000,0.965009987
1186,Latin America and the Caribbean (excluding high-income countries),,2001,0.937730014
1187,Latin America and the Caribbean (excluding high-income countries),,2002,1.010100007
1188,Latin America and the Caribbean (excluding high-income countries),,2003,1.038619995
1189,Latin America and the Caribbean (excluding high-income countries),,2004,0.937340021
1190,Latin America and the Caribbean (excluding high-income countries),,2005,0.910719991
1191,Latin America and the Caribbean (excluding high-income countries),,2006,0.853429973
1192,Latin America and the Caribbean (excluding high-income countries),,2007,0.911679983
1193,Latin America and the Caribbean (excluding high-income countries),,2008,0.891260028
1194,Latin America and the Caribbean (excluding high-income countries),,2009,0.908330023
1195,Latin America and the Caribbean (excluding high-income countries),,2010,0.915929973
1196,Latin America and the Caribbean (excluding high-income countries),,2011,0.865419984
1197,Latin America and the Caribbean (excluding high-income countries),,2012,0.841650009
1198,Latin America and the Caribbean (excluding high-income countries),,2013,0.834529996
1199,Latvia,LVA,1998,3.338890076
1200,Latvia,LVA,1999,2.894860029
1201,Latvia,LVA,2000,2.863029957
1202,Latvia,LVA,2001,2.943059921
1203,Latvia,LVA,2002,2.829799891
1204,Latvia,LVA,2003,3.062429905
1205,Latvia,LVA,2004,2.676110029
1206,Latvia,LVA,2005,2.667330027
1207,Latvia,LVA,2006,2.684839964
1208,Latvia,LVA,2007,2.989639997
1209,Latvia,LVA,2008,3.180439949
1210,Latvia,LVA,2009,3.389970064
1211,Latvia,LVA,2010,4.498650074
1212,Latvia,LVA,2011,5.812190056
1213,Latvia,LVA,2012,6.536409855
1214,Latvia,LVA,2013,6.651380062
1215,Least-developed countries,,1997,5.532489777
1216,Least-developed countries,,1998,5.181729794
1217,Least-developed countries,,1999,4.844379902
1218,Least-developed countries,,2000,4.668419838
1219,Least-developed countries,,2001,4.207849979
1220,Least-developed countries,,2002,4.519820213
1221,Least-developed countries,,2003,4.678239822
1222,Least-developed countries,,2004,4.497169971
1223,Least-developed countries,,2005,4.313220024
1224,Least-developed countries,,2006,4.10323
1225,Least-developed countries,,2007,4.000279903
1226,Least-developed countries,,2008,3.74635005
1227,Least-developed countries,,2009,3.592259884
1228,Least-developed countries,,2010,3.345989943
1229,Least-developed countries,,2011,3.324229956
1230,Least-developed countries,,2012,3.154190063
1231,Least-developed countries,,2013,3.134609938
1232,Lebanon,LBN,1999,7.483500004
1233,Lebanon,LBN,2000,7.645199776
1234,Lebanon,LBN,2001,7.407949924
1235,Lebanon,LBN,2002,8.23499012
1236,Lebanon,LBN,2003,9.08096981
1237,Lebanon,LBN,2004,8.780209541
1238,Lebanon,LBN,2005,8.090970039
1239,Lebanon,LBN,2006,7.91617012
1240,Lebanon,LBN,2007,7.2915802
1241,Lebanon,LBN,2008,7.243919849
1242,Lebanon,LBN,2009,7.037580013
1243,Lebanon,LBN,2010,6.544970036
1244,Lebanon,LBN,2011,6.068580151
1245,Lebanon,LBN,2012,5.928619862
1246,Lebanon,LBN,2013,5.211160183
1247,Lesotho,LSO,1999,30.5486908
1248,Lesotho,LSO,2000,39.37360001
1249,Lesotho,LSO,2001,40.64228058
1250,Lesotho,LSO,2002,73.62637329
1251,Lesotho,LSO,2003,76.57990265
1252,Lesotho,LSO,2005,52.2543602
1253,Lesotho,LSO,2006,46.47647095
1254,Lesotho,LSO,2012,11.31649971
1255,Lesotho,LSO,2013,12.09753036
1256,Liberia,LBR,1999,3.15805006
1257,Liberia,LBR,2000,1.408110023
1258,Liberia,LBR,2010,2.245589972
1259,Liberia,LBR,2012,1.589450002
1260,Libya,LBY,1999,0.567960024
1261,Libya,LBY,2000,0.610650003
1262,Libya,LBY,2001,0.701730013
1263,Libya,LBY,2002,0.744099975
1264,Libya,LBY,2003,0.734709978
1265,Liechtenstein,LIE,2003,151.3636475
1266,Liechtenstein,LIE,2004,127.0676727
1267,Liechtenstein,LIE,2005,130.9297943
1268,Liechtenstein,LIE,2006,134.7484283
1269,Liechtenstein,LIE,2007,131.4264526
1270,Liechtenstein,LIE,2008,107.875
1271,Liechtenstein,LIE,2009,119.297081
1272,Liechtenstein,LIE,2010,122.5540009
1273,Liechtenstein,LIE,2011,99.93946838
1274,Liechtenstein,LIE,2012,97.39582825
1275,Lithuania,LTU,1998,3.442939997
1276,Lithuania,LTU,1999,3.02925992
1277,Lithuania,LTU,2000,3.174629927
1278,Lithuania,LTU,2001,3.626379967
1279,Lithuania,LTU,2002,3.785919905
1280,Lithuania,LTU,2003,3.928260088
1281,Lithuania,LTU,2004,3.535059929
1282,Lithuania,LTU,2005,3.473020077
1283,Lithuania,LTU,2006,3.294090033
1284,Lithuania,LTU,2007,3.374219894
1285,Lithuania,LTU,2008,3.470220089
1286,Lithuania,LTU,2009,3.693000078
1287,Lithuania,LTU,2010,4.340109825
1288,Lithuania,LTU,2011,5.511809826
1289,Lithuania,LTU,2012,6.896259785
1290,Lithuania,LTU,2013,7.450329781
1291,Low and middle-income countries,,1997,2.170340061
1292,Low and middle-income countries,,1998,2.036560059
1293,Low and middle-income countries,,1999,1.896890044
1294,Low and middle-income countries,,2000,1.874979973
1295,Low and middle-income countries,,2001,1.837599993
1296,Low and middle-income countries,,2002,1.965450048
1297,Low and middle-income countries,,2003,2.042479992
1298,Low and middle-income countries,,2004,1.978950024
1299,Low and middle-income countries,,2005,1.955629945
1300,Low and middle-income countries,,2006,1.814800024
1301,Low and middle-income countries,,2007,1.798869967
1302,Low and middle-income countries,,2008,1.824110031
1303,Low and middle-income countries,,2009,1.845960021
1304,Low and middle-income countries,,2010,1.844110012
1305,Low and middle-income countries,,2011,1.832479954
1306,Low and middle-income countries,,2012,1.75601995
1307,Low and middle-income countries,,2013,1.732980013
1308,Low-income countries,,1997,4.620319843
1309,Low-income countries,,1998,4.404799938
1310,Low-income countries,,1999,4.049510002
1311,Low-income countries,,2000,3.928689957
1312,Low-income countries,,2001,3.642100096
1313,Low-income countries,,2002,4.001920223
1314,Low-income countries,,2003,4.142879963
1315,Low-income countries,,2004,3.885659933
1316,Low-income countries,,2005,3.757139921
1317,Low-income countries,,2006,3.543459892
1318,Low-income countries,,2007,3.587069988
1319,Low-income countries,,2008,3.513770103
1320,Low-income countries,,2009,3.295079947
1321,Low-income countries,,2010,3.21690011
1322,Low-income countries,,2011,3.194710016
1323,Low-income countries,,2012,2.846240044
1324,Low-income countries,,2013,2.894380093
1325,Lower-middle-income countries,,1997,1.713909984
1326,Lower-middle-income countries,,1998,1.556959987
1327,Lower-middle-income countries,,1999,1.434270024
1328,Lower-middle-income countries,,2000,1.473559976
1329,Lower-middle-income countries,,2001,1.494179964
1330,Lower-middle-income countries,,2002,1.647410035
1331,Lower-middle-income countries,,2003,1.714450002
1332,Lower-middle-income countries,,2004,1.701500058
1333,Lower-middle-income countries,,2005,1.753620028
1334,Lower-middle-income countries,,2006,1.700449944
1335,Lower-middle-income countries,,2007,1.689159989
1336,Lower-middle-income countries,,2008,1.702219963
1337,Lower-middle-income countries,,2009,1.725510001
1338,Lower-middle-income countries,,2010,1.650300026
1339,Lower-middle-income countries,,2011,1.477519989
1340,Lower-middle-income countries,,2012,1.356430054
1341,Lower-middle-income countries,,2013,1.34837997
1342,Luxembourg,LUX,1998,239.5432129
1343,Luxembourg,LUX,1999,217.286911
1344,Luxembourg,LUX,2000,225.4000854
1345,Luxembourg,LUX,2001,230.5162506
1346,Luxembourg,LUX,2002,207.0601501
1347,Luxembourg,LUX,2003,212.0897064
1348,Luxembourg,LUX,2006,261.6827698
1349,Luxembourg,LUX,2008,207.9707642
1350,Luxembourg,LUX,2010,130.2951355
1351,Luxembourg,LUX,2012,126.4749374
1352,Macao,MAC,1999,10.51220036
1353,Macao,MAC,2000,10.3332901
1354,Macao,MAC,2001,5.964129925
1355,Macao,MAC,2002,4.493850231
1356,Macao,MAC,2003,3.685669899
1357,Macao,MAC,2004,3.451139927
1358,Macao,MAC,2005,4.191720009
1359,Macao,MAC,2006,4.396550179
1360,Macao,MAC,2007,5.100130081
1361,Macao,MAC,2008,5.386700153
1362,Macao,MAC,2009,5.401490211
1363,Macao,MAC,2010,5.967569828
1364,Macao,MAC,2011,6.050330162
1365,Macao,MAC,2012,6.9917202
1366,Macao,MAC,2013,7.571640015
1367,Madagascar,MDG,1998,8.508500099
1368,Madagascar,MDG,1999,8.490260124
1369,Madagascar,MDG,2000,8.910630226
1370,Madagascar,MDG,2001,9.444970131
1371,Madagascar,MDG,2002,10.55313969
1372,Madagascar,MDG,2003,11.59372997
1373,Madagascar,MDG,2004,9.475640297
1374,Madagascar,MDG,2005,9.234660149
1375,Madagascar,MDG,2006,8.515029907
1376,Madagascar,MDG,2007,7.123439789
1377,Madagascar,MDG,2008,6.648009777
1378,Madagascar,MDG,2009,6.14564991
1379,Madagascar,MDG,2010,5.75770998
1380,Madagascar,MDG,2011,5.532979965
1381,Madagascar,MDG,2012,5.346169949
1382,Madagascar,MDG,2013,4.351270199
1383,Malawi,MWI,1999,40.4529686
1384,Malawi,MWI,2000,31.52203941
1385,Malawi,MWI,2001,30.81763077
1386,Malawi,MWI,2002,31.72237968
1387,Malawi,MWI,2003,30.97397041
1388,Malawi,MWI,2004,29.16706085
1389,Malawi,MWI,2005,30.5211792
1390,Malawi,MWI,2006,28.49510002
1391,Malawi,MWI,2007,31.09882927
1392,Malawi,MWI,2010,21.25665092
1393,Malawi,MWI,2011,20.18029022
1394,Malaysia,MYS,1998,13.31737041
1395,Malaysia,MYS,1999,11.46175003
1396,Malaysia,MYS,2000,8.248490334
1397,Malaysia,MYS,2001,7.943419933
1398,Malaysia,MYS,2002,7.347559929
1399,Malaysia,MYS,2003,6.73363018
1400,Malaysia,MYS,2004,6.605830193
1401,Malaysia,MYS,2005,6.802130222
1402,Malaysia,MYS,2006,6.646140099
1403,Malaysia,MYS,2007,6.539770126
1404,Malaysia,MYS,2008,6.103089809
1405,Malaysia,MYS,2009,5.985040188
1406,Malaysia,MYS,2010,5.609409809
1407,Malaysia,MYS,2011,5.775559902
1408,Malaysia,MYS,2012,5.43200016
1409,Maldives,MDV,2003,1678.082153
1410,Maldives,MDV,2007,33.89801025
1411,Maldives,MDV,2008,41.87842178
1412,Mali,MLI,1998,11.28763962
1413,Mali,MLI,1999,8.466400146
1414,Mali,MLI,2000,8.50535965
1415,Mali,MLI,2001,9.795000076
1416,Mali,MLI,2002,10.67854977
1417,Mali,MLI,2008,5.851809978
1418,Mali,MLI,2009,5.29445982
1419,Mali,MLI,2010,5.718699932
1420,Mali,MLI,2011,5.865180016
1421,Mali,MLI,2012,5.456930161
1422,Malta,MLT,1998,7.570670128
1423,Malta,MLT,1999,8.59002018
1424,Malta,MLT,2000,10.03958988
1425,Malta,MLT,2001,8.648750305
1426,Malta,MLT,2002,9.326350212
1427,Malta,MLT,2003,7.142859936
1428,Malta,MLT,2004,9.203000069
1429,Malta,MLT,2005,8.505450249
1430,Malta,MLT,2006,10.79915047
1431,Malta,MLT,2007,10.45254993
1432,Malta,MLT,2008,10.70876026
1433,Malta,MLT,2009,11.01879978
1434,Malta,MLT,2010,11.27305984
1435,Malta,MLT,2011,10.70956993
1436,Malta,MLT,2012,11.10791969
1437,Marshall Islands,MHL,2002,13.87965965
1438,Marshall Islands,MHL,2012,19.02256012
1439,Mauritania,MRT,1998,20.77922058
1440,Mauritania,MRT,1999,18.79286957
1441,Mauritania,MRT,2001,22.27679062
1442,Mauritania,MRT,2002,24.27825928
1443,Mauritania,MRT,2003,24.98732948
1444,Mauritania,MRT,2004,26.45076942
1445,Mauritania,MRT,2005,27.22468948
1446,Mauritania,MRT,2006,26.55019951
1447,Mauritania,MRT,2007,24.47454071
1448,Mauritania,MRT,2008,25.34308052
1449,Mauritania,MRT,2009,25.76889038
1450,Mauritania,MRT,2010,24.72089958
1451,Mauritania,MRT,2011,24.2309494
1452,Mauritania,MRT,2012,22.45969009
1453,Mauritania,MRT,2013,22.38710022
1454,Mauritius,MUS,1999,31.81524086
1455,Mauritius,MUS,2000,36.72436905
1456,Mauritius,MUS,2001,28.7627697
1457,Mauritius,MUS,2002,40.16450119
1458,Mauritius,MUS,2003,42.57767868
1459,Mauritius,MUS,2004,41.12208939
1460,Mauritius,MUS,2005,35.51583862
1461,Mauritius,MUS,2006,34.29645157
1462,Mauritius,MUS,2007,32.70301819
1463,Mauritius,MUS,2008,29.66249084
1464,Mauritius,MUS,2009,25.38555908
1465,Mauritius,MUS,2010,21.59321022
1466,Mauritius,MUS,2011,19.01963043
1467,Mauritius,MUS,2012,15.99018002
1468,Mauritius,MUS,2013,14.51360035
1469,Mexico,MEX,1998,0.761160016
1470,Mexico,MEX,1999,0.733780026
1471,Mexico,MEX,2000,0.72499001
1472,Mexico,MEX,2001,0.745899975
1473,Mexico,MEX,2002,0.925909996
1474,Mexico,MEX,2003,0.971220016
1475,Mexico,MEX,2004,0.926559985
1476,Mexico,MEX,2005,0.966409981
1477,Mexico,MEX,2006,0.979889989
1478,Mexico,MEX,2007,0.990360022
1479,Mexico,MEX,2008,0.976140022
1480,Mexico,MEX,2009,0.991530001
1481,Mexico,MEX,2010,0.915629983
1482,Mexico,MEX,2011,0.88221997
1483,Mexico,MEX,2012,0.852779984
1484,Mexico,MEX,2013,0.821669996
1485,Middle East and North Africa,,1997,3.732789993
1486,Middle East and North Africa,,1998,3.4286201
1487,Middle East and North Africa,,1999,3.12315011
1488,Middle East and North Africa,,2000,3.137399912
1489,Middle East and North Africa,,2001,3.062360048
1490,Middle East and North Africa,,2002,3.105070114
1491,Middle East and North Africa,,2003,3.135489941
1492,Middle East and North Africa,,2004,2.908269882
1493,Middle East and North Africa,,2005,2.791620016
1494,Middle East and North Africa,,2006,2.689359903
1495,Middle East and North Africa,,2007,2.567800045
1496,Middle East and North Africa,,2008,2.52854991
1497,Middle East and North Africa,,2009,2.668390036
1498,Middle East and North Africa,,2010,2.667550087
1499,Middle East and North Africa,,2011,2.824549913
1500,Middle East and North Africa,,2012,2.862070084
1501,Middle East and North Africa,,2013,2.943579912
1502,Middle East and North Africa (excluding high-income countries),,1997,3.311120033
1503,Middle East and North Africa (excluding high-income countries),,1998,3.040920019
1504,Middle East and North Africa (excluding high-income countries),,1999,2.769269943
1505,Middle East and North Africa (excluding high-income countries),,2000,2.736210108
1506,Middle East and North Africa (excluding high-income countries),,2001,2.648289919
1507,Middle East and North Africa (excluding high-income countries),,2002,2.758290052
1508,Middle East and North Africa (excluding high-income countries),,2003,2.867239952
1509,Middle East and North Africa (excluding high-income countries),,2004,2.632129908
1510,Middle East and North Africa (excluding high-income countries),,2005,2.499749899
1511,Middle East and North Africa (excluding high-income countries),,2006,2.378969908
1512,Middle East and North Africa (excluding high-income countries),,2007,2.225919962
1513,Middle East and North Africa (excluding high-income countries),,2008,2.141220093
1514,Middle East and North Africa (excluding high-income countries),,2009,2.250760078
1515,Middle East and North Africa (excluding high-income countries),,2010,2.191950083
1516,Middle East and North Africa (excluding high-income countries),,2011,2.318310022
1517,Middle East and North Africa (excluding high-income countries),,2012,2.293529987
1518,Middle East and North Africa (excluding high-income countries),,2013,2.28783989
1519,Middle-income countries,,1997,2.05163002
1520,Middle-income countries,,1998,1.923709989
1521,Middle-income countries,,1999,1.795420051
1522,Middle-income countries,,2000,1.775879979
1523,Middle-income countries,,2001,1.745509982
1524,Middle-income countries,,2002,1.866529942
1525,Middle-income countries,,2003,1.942790031
1526,Middle-income countries,,2004,1.89320004
1527,Middle-income countries,,2005,1.873759985
1528,Middle-income countries,,2006,1.734509945
1529,Middle-income countries,,2007,1.714679956
1530,Middle-income countries,,2008,1.741799951
1531,Middle-income countries,,2009,1.77038002
1532,Middle-income countries,,2010,1.76778996
1533,Middle-income countries,,2011,1.755480051
1534,Middle-income countries,,2012,1.695060015
1535,Middle-income countries,,2013,1.669260025
1536,Moldova,MDA,1999,8.593449593
1537,Moldova,MDA,2000,8.819169998
1538,Moldova,MDA,2001,7.75124979
1539,Moldova,MDA,2002,7.675139904
1540,Moldova,MDA,2003,7.538650036
1541,Moldova,MDA,2004,7.708300114
1542,Moldova,MDA,2005,7.675489902
1543,Moldova,MDA,2006,6.607999802
1544,Moldova,MDA,2007,6.763599873
1545,Moldova,MDA,2008,10.44909
1546,Moldova,MDA,2009,9.462169647
1547,Moldova,MDA,2010,11.64892006
1548,Moldova,MDA,2011,13.69983959
1549,Moldova,MDA,2012,12.50800991
1550,Moldova,MDA,2013,14.19727039
1551,Mongolia,MNG,1998,3.671439886
1552,Mongolia,MNG,1999,3.215770006
1553,Mongolia,MNG,2000,3.297100067
1554,Mongolia,MNG,2001,3.468539953
1555,Mongolia,MNG,2002,3.873759985
1556,Mongolia,MNG,2003,4.217760086
1557,Mongolia,MNG,2004,4.379469872
1558,Mongolia,MNG,2005,4.242050171
1559,Mongolia,MNG,2006,3.979670048
1560,Mongolia,MNG,2007,4.544449806
1561,Mongolia,MNG,2008,5.618840218
1562,Mongolia,MNG,2009,5.845260143
1563,Mongolia,MNG,2010,6.042749882
1564,Mongolia,MNG,2011,6.199440002
1565,Mongolia,MNG,2012,5.634359837
1566,Mongolia,MNG,2013,4.522739887
1567,Montenegro,MNE,2004,13.07511044
1568,Montenegro,MNE,2005,11.58841038
1569,Montenegro,MNE,2006,9.889169693
1570,Montenegro,MNE,2007,7.889689922
1571,Montenegro,MNE,2008,29.50931931
1572,Montenegro,MNE,2009,24.08156967
1573,Montenegro,MNE,2010,21.92045975
1574,Morocco,MAR,1998,14.8604002
1575,Morocco,MAR,1999,13.96829033
1576,Morocco,MAR,2000,15.4655304
1577,Morocco,MAR,2001,14.80317974
1578,Morocco,MAR,2002,16.74031067
1579,Morocco,MAR,2003,16.76902008
1580,Morocco,MAR,2004,14.27626991
1581,Morocco,MAR,2005,12.53919029
1582,Morocco,MAR,2006,11.3701601
1583,Morocco,MAR,2007,10.99514961
1584,Morocco,MAR,2008,10.36114979
1585,Morocco,MAR,2009,10.08675957
1586,Morocco,MAR,2010,9.601269722
1587,Morocco,MAR,2011,8.578769684
1588,Mozambique,MOZ,1999,18.36853027
1589,Mozambique,MOZ,2000,17.1637001
1590,Mozambique,MOZ,2003,14.33090973
1591,Mozambique,MOZ,2004,11.66127014
1592,Mozambique,MOZ,2005,10.27375031
1593,Mozambique,MOZ,2008,2.497539997
1594,Mozambique,MOZ,2009,2.582350016
1595,Mozambique,MOZ,2010,1.991819978
1596,Mozambique,MOZ,2011,1.79885006
1597,Mozambique,MOZ,2012,1.312420011
1598,Mozambique,MOZ,2013,1.392349958
1599,Myanmar,MMR,1998,0.417620003
1600,Myanmar,MMR,2001,0.349299997
1601,Myanmar,MMR,2007,0.725090027
1602,Myanmar,MMR,2011,1.098970056
1603,Myanmar,MMR,2012,1.043030024
1604,Namibia,NAM,1998,30.72530937
1605,Namibia,NAM,2001,44.45346069
1606,Namibia,NAM,2002,52.1925087
1607,Namibia,NAM,2003,58.69952011
1608,Namibia,NAM,2005,47.31779861
1609,Namibia,NAM,2006,57.23120117
1610,Namibia,NAM,2008,42.85786819
1611,Nepal,NPL,2000,4.613029957
1612,Nepal,NPL,2001,4.64289999
1613,Nepal,NPL,2002,5.285990238
1614,Nepal,NPL,2003,5.726779938
1615,Nepal,NPL,2004,5.215360165
1616,Nepal,NPL,2005,4.998129845
1617,Nepal,NPL,2006,5.61909008
1618,Nepal,NPL,2007,6.226970196
1619,Nepal,NPL,2008,6.85145998
1620,Nepal,NPL,2009,8.513799667
1621,Nepal,NPL,2010,7.250030041
1622,Nepal,NPL,2011,7.625490189
1623,Nepal,NPL,2013,6.327250004
1624,Netherlands,NLD,1998,2.739639997
1625,Netherlands,NLD,1999,2.780250072
1626,Netherlands,NLD,2000,2.571099997
1627,Netherlands,NLD,2001,2.391489983
1628,Netherlands,NLD,2002,2.359430075
1629,Netherlands,NLD,2003,2.409739971
1630,Netherlands,NLD,2004,1.592700005
1631,Netherlands,NLD,2005,1.806890011
1632,Netherlands,NLD,2006,1.744140029
1633,Netherlands,NLD,2007,1.788229942
1634,Netherlands,NLD,2008,1.374709964
1635,Netherlands,NLD,2009,1.82269001
1636,Netherlands,NLD,2010,1.938619971
1637,Netherlands,NLD,2011,1.72713995
1638,Netherlands,NLD,2012,1.822649956
1639,New Zealand,NZL,1998,3.488169909
1640,New Zealand,NZL,1999,3.479809999
1641,New Zealand,NZL,2000,3.52737999
1642,New Zealand,NZL,2001,3.702460051
1643,New Zealand,NZL,2002,4.000969887
1644,New Zealand,NZL,2003,3.542429924
1645,New Zealand,NZL,2004,2.683579922
1646,New Zealand,NZL,2005,1.590989947
1647,New Zealand,NZL,2006,1.744330049
1648,New Zealand,NZL,2007,1.714769959
1649,New Zealand,NZL,2008,1.706969976
1650,New Zealand,NZL,2009,1.738150001
1651,New Zealand,NZL,2010,1.78768003
1652,New Zealand,NZL,2011,1.993379951
1653,New Zealand,NZL,2012,2.06539011
1654,New Zealand,NZL,2013,2.092819929
1655,Nicaragua,NIC,2002,1.685379982
1656,Niger,NER,2003,17.10014915
1657,Niger,NER,2004,18.92213058
1658,Niger,NER,2005,16.97710991
1659,Niger,NER,2006,21.13657951
1660,Niger,NER,2007,22.02886963
1661,Niger,NER,2008,18.26651001
1662,Niger,NER,2009,13.41802979
1663,Niger,NER,2010,13.9986496
1664,Niger,NER,2011,14.6336298
1665,Niger,NER,2012,10.51340008
1666,Nigeria,NGA,1999,2.172770023
1667,Nigeria,NGA,2003,1.715549946
1668,Nigeria,NGA,2004,1.820340037
1669,Nigeria,NGA,2005,1.933560014
1670,North America,,1997,0.451510012
1671,North America,,1998,0.475470006
1672,North America,,1999,0.486180007
1673,North America,,2000,0.523220003
1674,North America,,2001,0.544250011
1675,North America,,2002,0.530210018
1676,North America,,2003,0.515129983
1677,North America,,2004,0.505879998
1678,North America,,2005,0.52372998
1679,North America,,2006,0.532260001
1680,North America,,2007,0.544390023
1681,North America,,2008,0.521300018
1682,North America,,2009,0.513390005
1683,North America,,2010,0.481090009
1684,North America,,2011,0.477750003
1685,North America,,2012,0.479389995
1686,North America,,2013,0.504499972
1687,North Macedonia,MKD,1998,7.638539791
1688,North Macedonia,MKD,1999,6.32310009
1689,North Macedonia,MKD,2000,12.34774971
1690,North Macedonia,MKD,2001,10.03691959
1691,North Macedonia,MKD,2002,10.76368046
1692,North Macedonia,MKD,2003,24.37125969
1693,North Macedonia,MKD,2004,13.48913956
1694,North Macedonia,MKD,2005,15.41629982
1695,North Macedonia,MKD,2006,14.28652954
1696,North Macedonia,MKD,2007,11.55574989
1697,North Macedonia,MKD,2008,9.100549698
1698,North Macedonia,MKD,2009,8.969750404
1699,North Macedonia,MKD,2010,8.664970398
1700,North Macedonia,MKD,2012,7.400909901
1701,Norway,NOR,1998,6.342269897
1702,Norway,NOR,1999,6.905729771
1703,Norway,NOR,2000,7.245359898
1704,Norway,NOR,2001,7.73032999
1705,Norway,NOR,2002,8.172889709
1706,Norway,NOR,2003,7.277009964
1707,Norway,NOR,2004,6.394080162
1708,Norway,NOR,2005,5.928279877
1709,Norway,NOR,2006,5.688799858
1710,Norway,NOR,2007,5.558899879
1711,Norway,NOR,2008,5.316860199
1712,Norway,NOR,2009,5.666739941
1713,Norway,NOR,2010,6.178380013
1714,Norway,NOR,2011,6.77177
1715,Norway,NOR,2012,9.889849663
1716,Norway,NOR,2013,6.989930153
1717,OECD Member countries,,1997,1.673699975
1718,OECD Member countries,,1998,1.695369959
1719,OECD Member countries,,1999,1.698060036
1720,OECD Member countries,,2000,1.723919988
1721,OECD Member countries,,2001,1.73021996
1722,OECD Member countries,,2002,1.703840017
1723,OECD Member countries,,2003,1.702100039
1724,OECD Member countries,,2004,1.562019944
1725,OECD Member countries,,2005,1.577870011
1726,OECD Member countries,,2006,1.521469951
1727,OECD Member countries,,2007,1.551699996
1728,OECD Member countries,,2008,1.517529964
1729,OECD Member countries,,2009,1.570299983
1730,OECD Member countries,,2010,1.552760005
1731,OECD Member countries,,2011,1.568689942
1732,OECD Member countries,,2012,1.568950057
1733,OECD Member countries,,2013,1.586629987
1734,Oman,OMN,1998,50.41167831
1735,Oman,OMN,2003,26.88121033
1736,Oman,OMN,2004,26.03911972
1737,Oman,OMN,2005,21.15033913
1738,Oman,OMN,2006,18.84056091
1739,Oman,OMN,2007,16.60886955
1740,Oman,OMN,2008,16.80541039
1741,Oman,OMN,2009,13.41184044
1742,Oman,OMN,2010,12.91919994
1743,Oman,OMN,2011,11.0136404
1744,Oman,OMN,2013,14.47951984
1745,Pakistan,PAK,2003,5.412610054
1746,Pakistan,PAK,2004,4.463069916
1747,Pakistan,PAK,2005,3.080569983
1748,Pakistan,PAK,2006,3.132149935
1749,Pakistan,PAK,2007,2.919529915
1750,Pakistan,PAK,2008,3.136430025
1751,Pakistan,PAK,2009,2.820650101
1752,Pakistan,PAK,2011,2.498660088
1753,Pakistan,PAK,2012,2.048969984
1754,Pakistan,PAK,2013,1.96194005
1755,Palestine,PSE,1998,17.31304932
1756,Palestine,PSE,1999,14.7385397
1757,Palestine,PSE,2000,13.92243958
1758,Palestine,PSE,2001,12.81517982
1759,Palestine,PSE,2002,11.89933968
1760,Palestine,PSE,2003,10.54765034
1761,Palestine,PSE,2004,9.088450432
1762,Palestine,PSE,2005,8.542180061
1763,Palestine,PSE,2006,8.120809555
1764,Palestine,PSE,2007,7.872419834
1765,Palestine,PSE,2008,7.792059898
1766,Palestine,PSE,2009,8.478739738
1767,Palestine,PSE,2010,7.832409859
1768,Palestine,PSE,2011,7.768010139
1769,Palestine,PSE,2012,8.695389748
1770,Palestine,PSE,2013,9.810569763
1771,Panama,PAN,1998,1.701429963
1772,Panama,PAN,1999,1.619099975
1773,Panama,PAN,2000,1.585209966
1774,Panama,PAN,2001,1.46570003
1775,Panama,PAN,2002,1.503389955
1776,Panama,PAN,2003,1.552000046
1777,Panama,PAN,2004,1.436759949
1778,Panama,PAN,2005,1.600489974
1779,Panama,PAN,2006,1.578600049
1780,Panama,PAN,2007,1.641059995
1781,Panama,PAN,2008,1.894150019
1782,Panama,PAN,2009,1.886729956
1783,Panama,PAN,2010,1.850829959
1784,Panama,PAN,2011,1.559270024
1785,Panama,PAN,2012,1.643929958
1786,Papua New Guinea,PNG,1998,8.104269981
1787,Papua New Guinea,PNG,1999,7.985519886
1788,Paraguay,PRY,1999,1.531820059
1789,Paraguay,PRY,2000,1.317880034
1790,Paraguay,PRY,2001,1.320189953
1791,Paraguay,PRY,2002,1.008270025
1792,Paraguay,PRY,2003,1.160920024
1793,Paraguay,PRY,2004,1.084120035
1794,Paraguay,PRY,2005,1.20302999
1795,Paraguay,PRY,2007,1.340080023
1796,Paraguay,PRY,2008,1.194829941
1797,Paraguay,PRY,2009,1.127930045
1798,Paraguay,PRY,2010,1.242540002
1799,Peru,PER,1999,0.587300003
1800,Peru,PER,2000,0.818780005
1801,Peru,PER,2001,0.910889983
1802,Peru,PER,2002,1.074390054
1803,Peru,PER,2003,1.173239946
1804,Peru,PER,2004,1.093189955
1805,Peru,PER,2005,1.115730047
1806,Peru,PER,2006,1.207640052
1807,Peru,PER,2010,1.501970053
1808,Philippines,PHL,1998,0.246000007
1809,Philippines,PHL,1999,0.230320007
1810,Philippines,PHL,2001,0.227990001
1811,Philippines,PHL,2002,0.262010008
1812,Philippines,PHL,2003,0.295569986
1813,Philippines,PHL,2004,0.305790007
1814,Philippines,PHL,2005,0.317369998
1815,Philippines,PHL,2006,0.318120003
1816,Philippines,PHL,2008,0.335489988
1817,Philippines,PHL,2009,0.384220004
1818,Philippines,PHL,2010,0.430000007
1819,Philippines,PHL,2011,0.395520002
1820,Philippines,PHL,2012,0.368169993
1821,Philippines,PHL,2013,0.345270008
1822,Poland,POL,1998,1.294350028
1823,Poland,POL,1999,1.108940005
1824,Poland,POL,2000,1.104500055
1825,Poland,POL,2001,1.112040043
1826,Poland,POL,2002,1.196730018
1827,Poland,POL,2003,1.341199994
1828,Poland,POL,2004,1.353979945
1829,Poland,POL,2005,1.420580029
1830,Poland,POL,2006,1.419999957
1831,Poland,POL,2007,1.517619967
1832,Poland,POL,2008,1.48913002
1833,Poland,POL,2009,1.520310044
1834,Poland,POL,2010,1.452559948
1835,Poland,POL,2011,1.37638998
1836,Poland,POL,2012,1.049090028
1837,Poland,POL,2013,1.211099982
1838,Portugal,PRT,1998,3.02373004
1839,Portugal,PRT,1999,3.071549892
1840,Portugal,PRT,2000,2.851449966
1841,Portugal,PRT,2001,2.896929979
1842,Portugal,PRT,2002,2.938070059
1843,Portugal,PRT,2003,3.110450029
1844,Portugal,PRT,2004,2.845340014
1845,Portugal,PRT,2005,3.234260082
1846,Portugal,PRT,2006,2.845419884
1847,Portugal,PRT,2007,3.199929953
1848,Portugal,PRT,2008,3.061779976
1849,Portugal,PRT,2009,3.3542099
1850,Portugal,PRT,2010,3.393690109
1851,Portugal,PRT,2011,3.399359941
1852,Portugal,PRT,2012,3.280119896
1853,Portugal,PRT,2013,2.567310095
1854,Qatar,QAT,1998,12.6426096
1855,Qatar,QAT,1999,12.91666985
1856,Qatar,QAT,2001,16.04640961
1857,Qatar,QAT,2002,16.39850044
1858,Qatar,QAT,2003,16.95630074
1859,Qatar,QAT,2004,14.5741396
1860,Qatar,QAT,2005,18.94730949
1861,Qatar,QAT,2006,17.80730057
1862,Qatar,QAT,2007,18.02910995
1863,Qatar,QAT,2008,17.28125
1864,Qatar,QAT,2009,18.51214027
1865,Qatar,QAT,2010,20.40493011
1866,Qatar,QAT,2011,18.62501907
1867,Qatar,QAT,2012,20.76045036
1868,Qatar,QAT,2013,24.10674095
1869,Romania,ROU,1998,2.81566
1870,Romania,ROU,1999,2.486759901
1871,Romania,ROU,2000,2.770420074
1872,Romania,ROU,2001,2.828769922
1873,Romania,ROU,2002,3.007359982
1874,Romania,ROU,2003,3.026360035
1875,Romania,ROU,2004,2.91689992
1876,Romania,ROU,2005,2.749660015
1877,Romania,ROU,2006,2.636840105
1878,Romania,ROU,2007,2.403700113
1879,Romania,ROU,2008,2.146670103
1880,Romania,ROU,2009,2.155420065
1881,Romania,ROU,2010,2.563940048
1882,Romania,ROU,2011,3.272819996
1883,Russia,RUS,1998,0.496179998
1884,Russia,RUS,1999,0.461459994
1885,Russia,RUS,2000,0.452270001
1886,Russia,RUS,2001,0.419669986
1887,Russia,RUS,2002,0.439990014
1888,Russia,RUS,2003,0.43325001
1889,Russia,RUS,2004,0.440510005
1890,Russia,RUS,2005,0.438820004
1891,Russia,RUS,2006,0.455740005
1892,Russia,RUS,2007,0.464830011
1893,Russia,RUS,2008,0.474929988
1894,Russia,RUS,2009,0.512170017
1895,Russia,RUS,2011,0.598360002
1896,Russia,RUS,2012,0.642199993
1897,Russia,RUS,2013,0.672689974
1898,Rwanda,RWA,1999,51.17998886
1899,Rwanda,RWA,2000,33.42036057
1900,Rwanda,RWA,2001,26.15728951
1901,Rwanda,RWA,2002,23.43116951
1902,Rwanda,RWA,2003,16.23319054
1903,Rwanda,RWA,2004,13.0699501
1904,Rwanda,RWA,2005,12.14103031
1905,Rwanda,RWA,2006,9.710840225
1906,Rwanda,RWA,2007,9.008090019
1907,Rwanda,RWA,2008,9.006959915
1908,Rwanda,RWA,2009,8.078570366
1909,Rwanda,RWA,2010,7.599040031
1910,Rwanda,RWA,2011,6.716119766
1911,Rwanda,RWA,2012,8.468460083
1912,Rwanda,RWA,2013,6.684030056
1913,Saint Kitts and Nevis,KNA,2008,57.79977036
1914,Saint Lucia,LCA,2004,47.83369827
1915,Saint Lucia,LCA,2005,51.30405045
1916,Saint Lucia,LCA,2006,66.29606628
1917,Saint Lucia,LCA,2007,88.52224731
1918,Saint Lucia,LCA,2008,46.66667175
1919,Saint Lucia,LCA,2009,44.74248886
1920,Saint Lucia,LCA,2010,71.5914917
1921,Saint Lucia,LCA,2011,52.95479965
1922,Saint Lucia,LCA,2012,68.03327179
1923,Saint Lucia,LCA,2013,48.05430984
1924,Samoa,WSM,1998,65.72200012
1925,Samoa,WSM,1999,52.53874969
1926,Samoa,WSM,2000,83.16413116
1927,San Marino,SMR,2000,75.26538849
1928,San Marino,SMR,2008,86.1140976
1929,San Marino,SMR,2010,85.5923233
1930,San Marino,SMR,2011,88.93251801
1931,San Marino,SMR,2012,143.6926575
1932,Sao Tome and Principe,STP,2009,106.7234802
1933,Sao Tome and Principe,STP,2010,76.24021149
1934,Sao Tome and Principe,STP,2012,37.2976799
1935,Saudi Arabia,SAU,1998,3.347959995
1936,Saudi Arabia,SAU,1999,2.763230085
1937,Saudi Arabia,SAU,2000,2.629590034
1938,Saudi Arabia,SAU,2001,2.565419912
1939,Saudi Arabia,SAU,2002,2.734230042
1940,Saudi Arabia,SAU,2003,2.166229963
1941,Saudi Arabia,SAU,2004,2.039700031
1942,Saudi Arabia,SAU,2005,2.053380013
1943,Saudi Arabia,SAU,2006,2.162750006
1944,Saudi Arabia,SAU,2007,2.983829975
1945,Saudi Arabia,SAU,2008,3.472980022
1946,Saudi Arabia,SAU,2009,4.13929987
1947,Saudi Arabia,SAU,2010,4.720330238
1948,Saudi Arabia,SAU,2011,5.060140133
1949,Saudi Arabia,SAU,2012,5.292950153
1950,Saudi Arabia,SAU,2013,5.42151022
1951,Senegal,SEN,1999,19.22669983
1952,Senegal,SEN,2004,21.1157608
1953,Senegal,SEN,2005,19.68445015
1954,Senegal,SEN,2006,19.53301048
1955,Senegal,SEN,2007,17.11177063
1956,Senegal,SEN,2008,13.54911995
1957,Senegal,SEN,2009,12.82929993
1958,Senegal,SEN,2010,13.53509045
1959,Serbia,SRB,2001,7.205319881
1960,Serbia,SRB,2002,7.674530029
1961,Serbia,SRB,2003,5.910600185
1962,Serbia,SRB,2004,5.643010139
1963,Serbia,SRB,2005,5.235239983
1964,Serbia,SRB,2006,4.77918005
1965,Serbia,SRB,2007,5.028069973
1966,Serbia,SRB,2008,4.898389816
1967,Serbia,SRB,2009,5.422609806
1968,Serbia,SRB,2010,5.712619781
1969,Serbia,SRB,2011,5.913720131
1970,Serbia,SRB,2012,5.513519764
1971,Serbia,SRB,2013,4.971590042
1972,Seychelles,SYC,2011,215.2832336
1973,Seychelles,SYC,2012,472.5
1974,Seychelles,SYC,2013,198.4506531
1975,Sierra Leone,SLE,2000,13.61581039
1976,Sierra Leone,SLE,2001,8.877519608
1977,Sierra Leone,SLE,2002,9.334329605
1978,Singapore,SGP,2008,10.22229958
1979,Singapore,SGP,2009,10.05231953
1980,Singapore,SGP,2010,9.667099953
1981,Singapore,SGP,2011,8.983670235
1982,Singapore,SGP,2012,9.048390388
1983,Singapore,SGP,2013,8.842089653
1984,Slovakia,SVK,1998,3.686729908
1985,Slovakia,SVK,1999,3.57159996
1986,Slovakia,SVK,2000,4.232979774
1987,Slovakia,SVK,2001,6.299409866
1988,Slovakia,SVK,2002,7.475349903
1989,Slovakia,SVK,2003,8.623530388
1990,Slovakia,SVK,2004,9.351340294
1991,Slovakia,SVK,2005,10.1672802
1992,Slovakia,SVK,2006,11.2256403
1993,Slovakia,SVK,2007,11.08360004
1994,Slovakia,SVK,2008,11.47492981
1995,Slovakia,SVK,2009,12.01074982
1996,Slovakia,SVK,2010,13.10638046
1997,Slovakia,SVK,2011,14.54121017
1998,Slovakia,SVK,2012,14.93216991
1999,Slovakia,SVK,2013,15.79887962
2000,Slovenia,SVN,1998,2.577579975
2001,Slovenia,SVN,1999,2.244519949
2002,Slovenia,SVN,2000,6.909180164
2003,Slovenia,SVN,2001,2.30456996
2004,Slovenia,SVN,2002,2.280930042
2005,Slovenia,SVN,2003,7.809140205
2006,Slovenia,SVN,2004,2.46081996
2007,Slovenia,SVN,2005,2.40741992
2008,Slovenia,SVN,2006,2.048969984
2009,Slovenia,SVN,2007,1.965090036
2010,Slovenia,SVN,2008,2.029710054
2011,Slovenia,SVN,2009,2.169460058
2012,Slovenia,SVN,2010,2.155709982
2013,Slovenia,SVN,2011,2.392889977
2014,Slovenia,SVN,2012,2.356659889
2015,Slovenia,SVN,2013,2.757839918
2016,South Africa,ZAF,2012,0.64331001
2017,South Asia,,1997,1.235350013
2018,South Asia,,1998,1.066679955
2019,South Asia,,1999,0.957159996
2020,South Asia,,2000,0.944800019
2021,South Asia,,2001,1.022799969
2022,South Asia,,2002,1.256369948
2023,South Asia,,2003,1.377830029
2024,South Asia,,2004,1.427659988
2025,South Asia,,2005,1.506970048
2026,South Asia,,2006,1.405959964
2027,South Asia,,2007,1.373260021
2028,South Asia,,2008,1.363129973
2029,South Asia,,2009,1.401960015
2030,South Asia,,2010,1.316619992
2031,South Asia,,2011,1.052180052
2032,South Asia,,2012,0.935109973
2033,South Asia,,2013,0.925549984
2034,South Korea,KOR,1998,2.404809952
2035,South Korea,KOR,1999,2.400710106
2036,South Korea,KOR,2000,2.362770081
2037,South Korea,KOR,2001,2.351099968
2038,South Korea,KOR,2002,2.670419931
2039,South Korea,KOR,2003,2.836110115
2040,South Korea,KOR,2004,3.00590992
2041,South Korea,KOR,2005,3.140010118
2042,South Korea,KOR,2006,3.269710064
2043,South Korea,KOR,2007,3.424299955
2044,South Korea,KOR,2008,3.680330038
2045,South Korea,KOR,2009,3.946749926
2046,South Korea,KOR,2010,3.878930092
2047,South Korea,KOR,2011,3.809050083
2048,South Korea,KOR,2013,3.483910084
2049,Spain,ESP,1998,1.456019998
2050,Spain,ESP,1999,1.469290018
2051,Spain,ESP,2000,1.508290052
2052,Spain,ESP,2001,1.478579998
2053,Spain,ESP,2002,1.500020027
2054,Spain,ESP,2003,1.237779975
2055,Spain,ESP,2004,1.368630052
2056,Spain,ESP,2005,1.36469996
2057,Spain,ESP,2006,1.305379987
2058,Spain,ESP,2007,1.338469982
2059,Spain,ESP,2008,1.18671
2060,Spain,ESP,2009,1.221770048
2061,Spain,ESP,2010,1.248239994
2062,Spain,ESP,2011,1.340720057
2063,Spain,ESP,2012,1.520030022
2064,Spain,ESP,2013,1.454249978
2065,Sri Lanka,LKA,2010,6.480730057
2066,Sri Lanka,LKA,2011,6.853620052
2067,Sri Lanka,LKA,2012,5.997300148
2068,Sri Lanka,LKA,2013,5.38297987
2069,Sub-Saharan Africa,,1997,5.941899776
2070,Sub-Saharan Africa,,1998,5.705289841
2071,Sub-Saharan Africa,,1999,5.700789928
2072,Sub-Saharan Africa,,2000,5.633820057
2073,Sub-Saharan Africa,,2001,5.424300194
2074,Sub-Saharan Africa,,2002,5.596869946
2075,Sub-Saharan Africa,,2003,5.646800041
2076,Sub-Saharan Africa,,2004,5.299129963
2077,Sub-Saharan Africa,,2005,5.071529865
2078,Sub-Saharan Africa,,2006,4.902480125
2079,Sub-Saharan Africa,,2007,4.860159874
2080,Sub-Saharan Africa,,2008,4.625520229
2081,Sub-Saharan Africa,,2009,4.553549767
2082,Sub-Saharan Africa,,2010,4.37996006
2083,Sub-Saharan Africa,,2011,4.43806982
2084,Sub-Saharan Africa,,2012,3.904489994
2085,Sub-Saharan Africa,,2013,3.706870079
2086,Sub-Saharan Africa (excluding high-income countries),,1997,5.909900188
2087,Sub-Saharan Africa (excluding high-income countries),,1998,5.674650192
2088,Sub-Saharan Africa (excluding high-income countries),,1999,5.671730042
2089,Sub-Saharan Africa (excluding high-income countries),,2000,5.599899769
2090,Sub-Saharan Africa (excluding high-income countries),,2001,5.399290085
2091,Sub-Saharan Africa (excluding high-income countries),,2002,5.579080105
2092,Sub-Saharan Africa (excluding high-income countries),,2003,5.628689766
2093,Sub-Saharan Africa (excluding high-income countries),,2004,5.279650211
2094,Sub-Saharan Africa (excluding high-income countries),,2005,5.054329872
2095,Sub-Saharan Africa (excluding high-income countries),,2006,4.886089802
2096,Sub-Saharan Africa (excluding high-income countries),,2007,4.843929768
2097,Sub-Saharan Africa (excluding high-income countries),,2008,4.60585022
2098,Sub-Saharan Africa (excluding high-income countries),,2009,4.520740032
2099,Sub-Saharan Africa (excluding high-income countries),,2010,4.360730171
2100,Sub-Saharan Africa (excluding high-income countries),,2011,4.4197402
2101,Sub-Saharan Africa (excluding high-income countries),,2012,3.886349916
2102,Sub-Saharan Africa (excluding high-income countries),,2013,3.694000006
2103,Suriname,SUR,2002,20.47821045
2104,Sweden,SWE,1998,4.566599846
2105,Sweden,SWE,1999,4.172190189
2106,Sweden,SWE,2000,3.632560015
2107,Sweden,SWE,2001,4.31028986
2108,Sweden,SWE,2002,4.062920094
2109,Sweden,SWE,2003,3.920739889
2110,Sweden,SWE,2004,3.059880018
2111,Sweden,SWE,2005,3.12857008
2112,Sweden,SWE,2006,3.165430069
2113,Sweden,SWE,2007,3.343250036
2114,Sweden,SWE,2008,3.410599947
2115,Sweden,SWE,2009,3.498080015
2116,Sweden,SWE,2010,3.415149927
2117,Sweden,SWE,2011,3.574450016
2118,Sweden,SWE,2012,3.907880068
2119,Sweden,SWE,2013,4.05053997
2120,Switzerland,CHE,1998,5.551149845
2121,Switzerland,CHE,1999,5.584599972
2122,Switzerland,CHE,2000,4.440159798
2123,Switzerland,CHE,2001,5.210869789
2124,Switzerland,CHE,2002,5.10281992
2125,Switzerland,CHE,2003,4.278049946
2126,Switzerland,CHE,2004,5.028130054
2127,Switzerland,CHE,2005,4.810689926
2128,Switzerland,CHE,2006,4.871749878
2129,Switzerland,CHE,2007,4.927340031
2130,Switzerland,CHE,2008,4.573599815
2131,Switzerland,CHE,2009,4.697319984
2132,Switzerland,CHE,2010,4.574329853
2133,Switzerland,CHE,2011,4.577980042
2134,Switzerland,CHE,2012,4.390180111
2135,Switzerland,CHE,2013,4.244269848
2136,Syria,SYR,2002,6.051790237
2137,Syria,SYR,2003,5.822579861
2138,Syria,SYR,2004,5.4365201
2139,Syria,SYR,2005,4.668379784
2140,Syria,SYR,2006,3.942939997
2141,Syria,SYR,2007,3.686009884
2142,Syria,SYR,2008,3.546519995
2143,Syria,SYR,2009,3.449919939
2144,Syria,SYR,2010,2.813849926
2145,Syria,SYR,2011,3.021879911
2146,Syria,SYR,2012,2.809089899
2147,Syria,SYR,2013,3.423769951
2148,Tajikistan,TJK,1999,1.419389963
2149,Tajikistan,TJK,2000,1.352990031
2150,Tajikistan,TJK,2001,1.501170039
2151,Tajikistan,TJK,2002,2.017509937
2152,Tajikistan,TJK,2003,1.975679994
2153,Tajikistan,TJK,2004,1.769889951
2154,Tajikistan,TJK,2005,2.029839993
2155,Tajikistan,TJK,2006,1.774260044
2156,Tajikistan,TJK,2007,1.784729958
2157,Tajikistan,TJK,2008,2.791470051
2158,Tajikistan,TJK,2009,3.260900021
2159,Tajikistan,TJK,2010,4.262849808
2160,Tajikistan,TJK,2011,4.808400154
2161,Tajikistan,TJK,2012,4.321000099
2162,Tajikistan,TJK,2013,5.00770998
2163,Tanzania,TZA,1998,16.56830978
2164,Tanzania,TZA,1999,14.22060013
2165,Tanzania,TZA,2000,14.10558987
2166,Tanzania,TZA,2001,15.20425034
2167,Tanzania,TZA,2002,17.56184006
2168,Tanzania,TZA,2003,14.18091965
2169,Tanzania,TZA,2004,9.890910149
2170,Tanzania,TZA,2005,8.311050415
2171,Tanzania,TZA,2010,7.310619831
2172,Tanzania,TZA,2012,3.092809916
2173,Tanzania,TZA,2013,3.142790079
2174,Thailand,THA,1998,1.415969968
2175,Thailand,THA,1999,1.210909963
2176,Thailand,THA,2000,1.105489969
2177,Thailand,THA,2001,1.050300002
2178,Thailand,THA,2002,1.195500016
2179,Thailand,THA,2003,1.169170022
2180,Thailand,THA,2004,1.151010036
2181,Thailand,THA,2005,1.085919976
2182,Thailand,THA,2006,1.103049994
2183,Thailand,THA,2007,1.068560004
2184,Thailand,THA,2008,1.085980058
2185,Thailand,THA,2009,1.125380039
2186,Thailand,THA,2010,1.166409969
2187,Thailand,THA,2011,1.086369991
2188,Thailand,THA,2012,1.082509995
2189,Thailand,THA,2013,1.060930014
2190,Timor,TLS,2002,6.486589909
2191,Timor,TLS,2009,20.22957039
2192,Timor,TLS,2010,19.99892044
2193,Togo,TGO,1998,15.97542
2194,Togo,TGO,2006,13.00090027
2195,Togo,TGO,2007,10.80560017
2196,Togo,TGO,2010,5.888390064
2197,Togo,TGO,2011,5.358160019
2198,Togo,TGO,2012,5.222219944
2199,Togo,TGO,2013,5.153830051
2200,Tonga,TON,1999,282.417572
2201,Tonga,TON,2000,199.0494232
2202,Tonga,TON,2001,233.125824
2203,Tonga,TON,2002,196.8333282
2204,Tonga,TON,2003,157.3353271
2205,Trinidad and Tobago,TTO,1999,48.45483017
2206,Trinidad and Tobago,TTO,2000,52.75624084
2207,Trinidad and Tobago,TTO,2001,47.60971069
2208,Trinidad and Tobago,TTO,2002,35.55651855
2209,Trinidad and Tobago,TTO,2003,39.9859314
2210,Trinidad and Tobago,TTO,2004,33.60992813
2211,Tunisia,TUN,1998,6.738239765
2212,Tunisia,TUN,1999,6.046929836
2213,Tunisia,TUN,2000,5.712890148
2214,Tunisia,TUN,2001,5.420040131
2215,Tunisia,TUN,2002,5.579080105
2216,Tunisia,TUN,2011,5.394579887
2217,Tunisia,TUN,2012,5.29061985
2218,Tunisia,TUN,2013,5.005819798
2219,Turkey,TUR,1998,3.622730017
2220,Turkey,TUR,1999,3.50199008
2221,Turkey,TUR,2001,3.239959955
2222,Turkey,TUR,2002,3.304840088
2223,Turkey,TUR,2003,2.88319993
2224,Turkey,TUR,2004,2.814429998
2225,Turkey,TUR,2005,2.630530119
2226,Turkey,TUR,2006,1.598359942
2227,Turkey,TUR,2007,1.601719975
2228,Turkey,TUR,2008,1.738369942
2229,Turkey,TUR,2009,1.707260013
2230,Turkey,TUR,2010,1.470119953
2231,Turkey,TUR,2011,1.394240022
2232,Turkey,TUR,2012,1.226490021
2233,Turkey,TUR,2013,0.903680027
2234,Turks and Caicos Islands,TCA,2008,12550.0
2235,Turks and Caicos Islands,TCA,2010,4480.0
2236,Uganda,UGA,1999,5.23514986
2237,Uganda,UGA,2000,3.953500032
2238,Uganda,UGA,2001,3.66741991
2239,Uganda,UGA,2002,3.002680063
2240,Uganda,UGA,2003,2.906640053
2241,Uganda,UGA,2004,2.85374999
2242,Uganda,UGA,2006,2.850150108
2243,Uganda,UGA,2008,3.122200012
2244,Uganda,UGA,2009,3.135349989
2245,Uganda,UGA,2010,3.113240004
2246,Uganda,UGA,2011,3.511759996
2247,Ukraine,UKR,1998,0.788420022
2248,Ukraine,UKR,1999,0.76481998
2249,Ukraine,UKR,2000,1.153210044
2250,Ukraine,UKR,2001,0.944019973
2251,Ukraine,UKR,2002,1.040989995
2252,Ukraine,UKR,2003,0.833850026
2253,Ukraine,UKR,2004,1.010949969
2254,Ukraine,UKR,2005,1.024919987
2255,Ukraine,UKR,2006,0.942099988
2256,Ukraine,UKR,2007,0.950139999
2257,Ukraine,UKR,2008,1.143710017
2258,Ukraine,UKR,2009,1.20855999
2259,Ukraine,UKR,2010,1.373919964
2260,Ukraine,UKR,2011,1.458549976
2261,Ukraine,UKR,2012,1.570610046
2262,Ukraine,UKR,2013,1.798589945
2263,United Arab Emirates,ARE,2007,7.663199902
2264,United Arab Emirates,ARE,2008,7.812429905
2265,United Arab Emirates,ARE,2009,7.657320023
2266,United Arab Emirates,ARE,2010,7.896389961
2267,United Arab Emirates,ARE,2011,7.387849808
2268,United Arab Emirates,ARE,2012,6.949130058
2269,United Arab Emirates,ARE,2013,6.427649975
2270,United Kingdom,GBR,1998,1.451799989
2271,United Kingdom,GBR,1999,1.333619952
2272,United Kingdom,GBR,2000,1.103109956
2273,United Kingdom,GBR,2001,1.350630045
2274,United Kingdom,GBR,2002,1.320950031
2275,United Kingdom,GBR,2003,1.393749952
2276,United Kingdom,GBR,2004,1.068070054
2277,United Kingdom,GBR,2005,1.007750034
2278,United Kingdom,GBR,2006,0.994229972
2279,United Kingdom,GBR,2007,1.065610051
2280,United Kingdom,GBR,2008,0.930450022
2281,United Kingdom,GBR,2009,0.976180017
2282,United Kingdom,GBR,2010,0.992269993
2283,United Kingdom,GBR,2011,1.149850011
2284,United Kingdom,GBR,2012,1.055920005
2285,United Kingdom,GBR,2013,1.147310019
2286,United States,USA,1998,0.287620008
2287,United States,USA,1999,0.301420003
2288,United States,USA,2000,0.329340011
2289,United States,USA,2001,0.350719988
2290,United States,USA,2002,0.328280002
2291,United States,USA,2003,0.309599996
2292,United States,USA,2004,0.299569994
2293,United States,USA,2005,0.305110008
2294,United States,USA,2006,0.311190009
2295,United States,USA,2007,0.323529989
2296,United States,USA,2008,0.303009987
2297,United States,USA,2009,0.29846999
2298,United States,USA,2010,0.281509995
2299,United States,USA,2011,0.284350008
2300,United States,USA,2012,0.287209988
2301,United States,USA,2013,0.301869988
2302,Upper-middle-income countries,,1997,2.321320057
2303,Upper-middle-income countries,,1998,2.233969927
2304,Upper-middle-income countries,,1999,2.112260103
2305,Upper-middle-income countries,,2000,2.037620068
2306,Upper-middle-income countries,,2001,1.946390033
2307,Upper-middle-income countries,,2002,2.031620026
2308,Upper-middle-income countries,,2003,2.101560116
2309,Upper-middle-income countries,,2004,2.020669937
2310,Upper-middle-income countries,,2005,1.949630022
2311,Upper-middle-income countries,,2006,1.755079985
2312,Upper-middle-income countries,,2007,1.730370045
2313,Upper-middle-income countries,,2008,1.766909957
2314,Upper-middle-income countries,,2009,1.798799992
2315,Upper-middle-income countries,,2010,1.843680024
2316,Upper-middle-income countries,,2011,1.956609964
2317,Upper-middle-income countries,,2012,1.945950031
2318,Upper-middle-income countries,,2013,1.902580023
2319,Uruguay,URY,1998,1.363839984
2320,Uruguay,URY,1999,1.469149947
2321,Uruguay,URY,2000,1.614480019
2322,Uruguay,URY,2001,1.541829944
2323,Uruguay,URY,2002,1.751680017
2324,Uruguay,URY,2003,1.875530005
2325,Uruguay,URY,2004,1.803429961
2326,Uruguay,URY,2005,1.82731998
2327,Uruguay,URY,2006,1.884220004
2328,Uruguay,URY,2007,1.665910006
2329,Uruguay,URY,2008,1.491420031
2330,Uruguay,URY,2009,1.525879979
2331,Uruguay,URY,2010,1.756289959
2332,Uzbekistan,UZB,1999,4.572450161
2333,Uzbekistan,UZB,2000,4.360889912
2334,Uzbekistan,UZB,2001,3.463870049
2335,Uzbekistan,UZB,2002,3.754630089
2336,Uzbekistan,UZB,2003,3.535409927
2337,Uzbekistan,UZB,2004,4.586830139
2338,Uzbekistan,UZB,2005,8.7833004
2339,Uzbekistan,UZB,2006,10.39632034
2340,Uzbekistan,UZB,2007,11.10659981
2341,Uzbekistan,UZB,2008,10.48983955
2342,Uzbekistan,UZB,2009,9.64482975
2343,Uzbekistan,UZB,2010,8.384810448
2344,Uzbekistan,UZB,2011,8.425020218
2345,Vanuatu,VUT,1999,119.7511673
2346,Vanuatu,VUT,2000,117.8353729
2347,Vanuatu,VUT,2001,116.987648
2348,Vanuatu,VUT,2002,91.4338913
2349,Vanuatu,VUT,2003,92.01313019
2350,Vanuatu,VUT,2004,87.90576172
2351,Venezuela,VEN,2000,1.198830009
2352,Venezuela,VEN,2002,1.05250001
2353,Venezuela,VEN,2003,1.03610003
2354,Venezuela,VEN,2004,0.926079988
2355,Venezuela,VEN,2008,0.594659984
2356,Venezuela,VEN,2009,0.610080004
2357,Vietnam,VNM,1998,1.081920028
2358,Vietnam,VNM,1999,1.008430004
2359,Vietnam,VNM,2000,1.249340057
2360,Vietnam,VNM,2001,1.314210057
2361,Vietnam,VNM,2002,1.554340005
2362,Vietnam,VNM,2003,1.794970036
2363,Vietnam,VNM,2005,1.535619974
2364,Vietnam,VNM,2006,1.634870052
2365,Vietnam,VNM,2007,1.764420033
2366,Vietnam,VNM,2008,2.20649004
2367,Vietnam,VNM,2009,2.476720095
2368,Vietnam,VNM,2010,2.33949995
2369,Vietnam,VNM,2011,2.333659887
2370,Vietnam,VNM,2012,2.344059944
2371,Vietnam,VNM,2013,2.379780054
2372,World,OWID_WRL,1997,1.974910021
2373,World,OWID_WRL,1998,1.918529987
2374,World,OWID_WRL,1999,1.842569947
2375,World,OWID_WRL,2000,1.828160048
2376,World,OWID_WRL,2001,1.805150032
2377,World,OWID_WRL,2002,1.859680057
2378,World,OWID_WRL,2003,1.906119943
2379,World,OWID_WRL,2004,1.824300051
2380,World,OWID_WRL,2005,1.819059968
2381,World,OWID_WRL,2006,1.727489948
2382,World,OWID_WRL,2007,1.737579942
2383,World,OWID_WRL,2008,1.746559978
2384,World,OWID_WRL,2009,1.787899971
2385,World,OWID_WRL,2010,1.79806006
2386,World,OWID_WRL,2011,1.807109952
2387,World,OWID_WRL,2012,1.774049997
2388,World,OWID_WRL,2013,1.785480022
2389,Yemen,YEM,1999,3.568949938
2390,Yemen,YEM,2002,3.870640039
2391,Yemen,YEM,2003,3.96062994
2392,Yemen,YEM,2004,4.530879974
2393,Yemen,YEM,2005,4.589690208
2394,Yemen,YEM,2006,4.625239849
2395,Yemen,YEM,2007,3.831010103
2396,Yemen,YEM,2008,4.100090027
2397,Yemen,YEM,2009,4.08810997
2398,Yemen,YEM,2010,3.311739922
2399,Yemen,YEM,2011,5.026529789
2400,Zambia,ZMB,1998,11.73956966
2401,Zambia,ZMB,1999,16.96825981
2402,Zambia,ZMB,2000,20.84062958
2403,Zimbabwe,ZWE,2010,26.67329025
2404,Zimbabwe,ZWE,2011,30.76561928
2405,Zimbabwe,ZWE,2012,17.03235054
2406,Zimbabwe,ZWE,2013,16.87800026
